,name,main_category,sub_category
0,한라산국립공원,자연,산
1,송악산,자연,산
2,산방산,자연,산
3,백록담,자연,산
4,한라산어리목코스,자연,산
5,1100고지(휴게소),자연,산
6,1100고지습지,자연,산
7,영주산,자연,산
8,영실기암,자연,산
9,단산(바굼지오름),자연,산
10,돈대산,자연,산
11,봉글레산,자연,산
12,성산일출봉(UNESCO 세계자연유산),자연,오름
13,산굼부리,자연,오름
14,새별오름,자연,오름
15,용눈이오름,자연,오름
16,다랑쉬오름(월랑봉),자연,오름
17,백약이오름,자연,오름
18,따라비오름,자연,오름
19,윗세오름(웃세오름),자연,오름
20,아끈다랑쉬,자연,오름
21,아부오름,자연,오름
22,거문오름(UNESCO 세계자연유산),자연,오름
23,"군산(군산오름,코메오름)",자연,오름
24,서우봉,자연,오름
25,섯알오름,자연,오름
26,지미봉,자연,오름
27,어승생,자연,오름
28,성널오름 (성판악),자연,오름
29,도두봉,자연,오름
30,사라오름,자연,오름
31,"당산봉(당오름,차귀오름)",자연,오름
32,물영아리오름,자연,오름
33,수월봉,자연,오름
34,정물오름,자연,오름
35,금악오름(왕매),자연,오름
36,물찻오름,자연,오름
37,큰노꼬메오름,자연,오름
38,사라봉,자연,오름
39,안돌오름,자연,오름
40,민오름(구좌읍),자연,오름
41,별도봉,자연,오름
42,이승이오름(이승악),자연,오름
43,"저지오름(닥몰오름,새오름)",자연,오름
44,두산봉(말미오름),자연,오름
45,사려니오름,자연,오름
46,원당봉,자연,오름
47,제지기오름,자연,오름
48,큰사슴이오름,자연,오름
49,거슨새미오름,자연,오름
50,높은오름,자연,오름
51,동거문이오름,자연,오름
52,동검은이오름(거미오름),자연,오름
53,민오름(봉개동),자연,오름
54,북오름,자연,오름
55,붉은오름(표선면),자연,오름
56,당오름,자연,오름
57,당오름(한경면),자연,오름
58,"대수산봉(큰물뫼,물미오름)",자연,오름
59,둔지봉,자연,오름
60,모구리오름,자연,오름
61,모지오름,자연,오름
62,"미악산 (턥오름, 쌀오름, 솔오름)",자연,오름
63,민오름(조천읍),자연,오름
64,알진오름(안친오름),자연,오름
65,절물오름(큰대나),자연,오름
66,개오름,자연,오름
67,"고내봉(고내오름,고니오름,망오름)",자연,오름
68,돛오름,자연,오름
69,돝오름(돗오름),자연,오름
70,뒤굽은이오름,자연,오름
71,모슬봉 (모슬개오름),자연,오름
72,묘산봉 (괴살메),자연,오름
73,문석이오름,자연,오름
74,바늘오름,자연,오름
75,밧돌오름,자연,오름
76,베릿네오름,자연,오름
77,비치미오름,자연,오름
78,삼각봉,자연,오름
79,삼매봉,자연,오름
80,성불오름,자연,오름
81,오백나한,자연,오름
82,왕이메오름,자연,오름
83,원수악,자연,오름
84,유건에오름,자연,오름
85,"자배봉(자배오름,망오름)",자연,오름
86,좌보미오름,자연,오름
87,지그리오름 (큰지그리),자연,오름
88,"천아오름(틍낭오름,天娥岳)",자연,오름
89,큰바리메오름,자연,오름
90,통오름,자연,오름
91,"판포오름 (널개오름, 板浦岳)",자연,오름
92,가마오름,자연,오름
93,가메오름,자연,오름
94,가문이오름(감은이오름),자연,오름
95,가세오름,자연,오름
96,각시바우오름,자연,오름
97,개오리오름,자연,오름
98,거린오름 (북오름),자연,오름
99,거친오름,자연,오름
100,걸서악오름,자연,오름
101,고근산(고공산),자연,오름
102,궁대오름(궁대악),자연,오름
103,까끄래기오름,자연,오름
104,누운오름(한림읍),자연,오름
105,느지리오름(망오름),자연,오름
106,당오름(안덕면),자연,오름
107,"대왕산 (왕뫼, 왕메, 왕미)",자연,오름
108,도리미오름,자연,오름
109,독자봉,자연,오름
110,돔박이오름 (동박악),자연,오름
111,동알오름,자연,오름
112,마오름(한경),자연,오름
113,매오름,자연,오름
114,모라이,자연,오름
115,문도지오름 (문돗지),자연,오름
116,"물메 (물미, 수산봉)",자연,오름
117,민오름(오라동),자연,오름
118,발이오름,자연,오름
119,"보롬이(하논, 화구구)",자연,오름
120,부대악오름,자연,오름
121,붉은오름(성산읍),자연,오름
122,샘이오름,자연,오름
123,선족이오름(알선족이),자연,오름
124,세미오름(삼의양오름),자연,오름
125,세미오름(샘이오름),자연,오름
126,소병악 (족은오름),자연,오름
127,소수산봉(족은물뫼),자연,오름
128,손지오름,자연,오름
129,수악 (물오름),자연,오름
130,"안세미 (명도오름,明道岳)",자연,오름
131,"알밤(알바매기, 알밤오름)",자연,오름
132,알오름(성산읍),자연,오름
133,알오름(표선면),자연,오름
134,영천악(영천오름),자연,오름
135,예절이오름(여절악),자연,오름
136,"웃밤(웃바매기,웃밤오름)",자연,오름
137,웃세오름(누운오름),자연,오름
138,웃세오름(족은오름),자연,오름
139,월나봉(도래오름),자연,오름
140,월라봉(효돈),자연,오름
141,입산봉(삿갓오름),자연,오름
142,족은노꼬메오름,자연,오름
143,족은바리메,자연,오름
144,족은사슴이오름,자연,오름
145,지그리오름,자연,오름
146,토산봉(망오름),자연,오름
147,파군봉(바굼지오름),자연,오름
148,하논마르,자연,오름
149,협재해수욕장,자연,해변
150,월정리해변,자연,해변
151,함덕해수욕장,자연,해변
152,섭지코지,자연,해변
153,세화해변,자연,해변
154,우도산호해변 홍조단괴 서빈백사,자연,해변
155,광치기해변,자연,해변
156,김녕해수욕장,자연,해변
157,금능해수욕장,자연,해변
158,애월해안도로,자연,해변
159,곽지해수욕장,자연,해변
160,용머리해안,자연,해변
161,용두암,자연,해변
162,외돌개,자연,해변
163,이호테우말등대,자연,해변
164,중문색달해수욕장,자연,해변
165,신창~차귀해안도로,자연,해변
166,주상절리대(중문대포해안),자연,해변
167,검멀레해변,자연,해변
168,애월한담해안산책로,자연,해변
169,황우지해안,자연,해변
170,표선해수욕장,자연,해변
171,하고수동해변,자연,해변
172,삼양해수욕장,자연,해변
173,용담/용두암 해안도로,자연,해변
174,쇠소깍해변,자연,해변
175,하도해변,자연,해변
176,한담해변,자연,해변
177,남원큰엉해변,자연,해변
178,평대리해변,자연,해변
179,신양섭지해수욕장,자연,해변
180,대평포구,자연,해변
181,박수기정,자연,해변
182,닭머르해안길,자연,해변
183,법환포구,자연,해변
184,사계해안도로,자연,해변
185,알작지해변,자연,해변
186,종달리해안도로,자연,해변
187,표선세화해안도로,자연,해변
188,한림해안도로,자연,해변
189,논짓물,자연,해변
190,사계해변,자연,해변
191,서귀포해안,자연,해변
192,판포포구,자연,해변
193,구엄리돌염전,자연,해변
194,공천포,자연,해변
195,세화해안도로,자연,해변
196,위미항,자연,해변
197,조천함덕해안도로,자연,해변
198,도두항,자연,해변
199,신창풍차해안도로,자연,해변
200,오조포구,자연,해변
201,톨칸이,자연,해변
202,한림항,자연,해변
203,고내리포구,자연,해변
204,신창리포구,자연,해변
205,화순금모래해수욕장,자연,해변
206,성산오조리해안,자연,해변
207,종달리해변,자연,해변
208,김녕해안도로,자연,해변
209,구좌해안로,자연,해변
210,도두해안도로,자연,해변
211,싱게물(싱계물)공원,자연,해변
212,엉알해안,자연,해변
213,엉알해안산책로,자연,해변
214,월평포구,자연,해변
215,이호테우해수욕장,자연,해변
216,조함해안도로,자연,해변
217,형제해안도로,자연,해변
218,공천포구,자연,해변
219,돔베낭골,자연,해변
220,보목포구,자연,해변
221,산지등대,자연,해변
222,월정리해안도로,자연,해변
223,자구네포구,자연,해변
224,협재포구,자연,해변
225,고산일과해안도로,자연,해변
226,노을해안로,자연,해변
227,대정해변(하모해변),자연,해변
228,대포포구,자연,해변
229,삼화포구,자연,해변
230,태흥포구,자연,해변
231,하예포구(예래포구),자연,해변
232,금능포구,자연,해변
233,다끄네포구(용담포구),자연,해변
234,당케산물(당케포구),자연,해변
235,동일리포구,자연,해변
236,모진이몽돌해변,자연,해변
237,민속해안로,자연,해변
238,북촌포구,자연,해변
239,삼양해안도로,자연,해변
240,신도포구,자연,해변
241,온평리 포구,자연,해변
242,월령포구,자연,해변
243,정주항,자연,해변
244,행원육상양식단지,자연,해변
245,거믄여해안경승지,자연,해변
246,게우지코지,자연,해변
247,고내리 다락쉼터,자연,해변
248,구엄포구,자연,해변
249,굴동포구,자연,해변
250,금성포구,자연,해변
251,김녕항,자연,해변
252,대수포구,자연,해변
253,돔베낭길,자연,해변
254,망장포,자연,해변
255,묵리해안쉼터,자연,해변
256,묵리해안포구,자연,해변
257,별도포구,자연,해변
258,사계 용머리해안 (해산물),자연,해변
259,사계항,자연,해변
260,상추자포구,자연,해변
261,상추자항,자연,해변
262,서귀포층패류화석산지,자연,해변
263,설쿰바당,자연,해변
264,성산~세화 해안도로,자연,해변
265,신대해안,자연,해변
266,신양연안바다목장,자연,해변
267,신양포구,자연,해변
268,신양해안도로,자연,해변
269,아이리스촬영지(하얀등대),자연,해변
270,연대포구,자연,해변
271,열리해안길,자연,해변
272,예래해안도로,자연,해변
273,예초리포구,자연,해변
274,예초리해변,자연,해변
275,옹포포구,자연,해변
276,우도 득성이코지,자연,해변
277,이호-내도 해안도로,자연,해변
278,중문색달해변(해산물),자연,해변
279,평대해변,자연,해변
280,평수포구,자연,해변
281,현사포구,자연,해변
282,형제해안로전망대,자연,해변
283,후포해변,자연,해변
284,쇠소깍,자연,계곡
285,안덕계곡,자연,계곡
286,용연,자연,계곡
287,돈내코,자연,계곡
288,돈내코유원지,자연,계곡
289,천아숲길 천아계곡,자연,계곡
290,강정천유원지,자연,계곡
291,어리목계곡,자연,계곡
292,엉덩물계곡,자연,계곡
293,방선문,자연,계곡
294,고살리숲길,자연,계곡
295,남내소,자연,계곡
296,무수천,자연,계곡
297,천지연폭포,자연,폭포
298,정방폭포,자연,폭포
299,천제연폭포,자연,폭포
300,엉또폭포,자연,폭포
301,원앙폭포,자연,폭포
302,소정방폭포,자연,폭포
303,비자림,자연,휴양림
304,제주절물자연휴양림,자연,휴양림
305,동백동산,자연,휴양림
306,서귀포치유의숲,자연,휴양림
307,붉은오름 자연휴양림,자연,휴양림
308,서귀포자연휴양림,자연,휴양림
309,교래자연휴양림,자연,휴양림
310,한라생태숲,자연,휴양림
311,5.16도로숲터널,자연,휴양림
312,걸매생태공원,자연,휴양림
313,납읍난대림 금산공원,자연,휴양림
314,머체왓숲길,자연,휴양림
315,샤이니숲길,자연,휴양림
316,별내린전망대,자연,휴양림
317,휴림,자연,휴양림
318,여미지식물원,자연,수목원
319,생각하는정원,자연,수목원
320,한라수목원,자연,수목원
321,상효원,자연,수목원
322,방림원,자연,수목원
323,비블리아성서식물원,자연,수목원
324,만장굴,자연,동굴
325,협재굴(한림공원),자연,동굴
326,빌레못동굴,자연,동굴
327,검멀레동굴,자연,동굴
328,송악산 진지동굴,자연,동굴
329,황우지해안 열두굴,자연,동굴
330,미천굴,자연,동굴
331,쌍용굴(한림공원),자연,동굴
332,김녕사굴,자연,동굴
333,황금굴(한림공원),자연,동굴
334,김영갑갤러리 두모악,문화관광,미술관
335,제주특별자치도 도립미술관,문화관광,미술관
336,이중섭미술관,문화관광,미술관
337,지니어스 로사이,문화관광,미술관
338,제주현대미술관,문화관광,미술관
339,북촌돌하르방미술관,문화관광,미술관
340,제주도립김창열미술관,문화관광,미술관
341,아라리오뮤지엄탑동시네마,문화관광,미술관
342,왈종미술관,문화관광,미술관
343,포도갤러리 in 포도호텔,문화관광,미술관
344,프랑스샤르망,문화관광,미술관
345,갤러리2 중선농원,문화관광,미술관
346,고흐의 정원,문화관광,미술관
347,김택화미술관,문화관광,미술관
348,바당미술관,문화관광,미술관
349,서귀포시립기당미술관,문화관광,미술관
350,심헌갤러리,문화관광,미술관
351,아라리오뮤지엄동문모텔1,문화관광,미술관
352,아라리오뮤지엄동문모텔2,문화관광,미술관
353,아르떼뮤지엄,문화관광,미술관
354,유민미술관,문화관광,미술관
355,제주국제예술센터,문화관광,미술관
356,너븐숭이 4.3기념관,문화관광,전시관
357,제주민속촌,문화관광,전시관
358,서귀포천문과학문화관,문화관광,전시관
359,제주국제컨벤션센터 icc,문화관광,전시관
360,제주추사관,문화관광,전시관
361,제주세계자연유산센터,문화관광,전시관
362,김만덕기념관,문화관광,전시관
363,더 플래닛(THE PLANET),문화관광,전시관
364,서복전시관,문화관광,전시관
365,성김대건신부표착기념관,문화관광,전시관
366,제주항일기념관,문화관광,전시관
367,SM 디지털아트 뮤지엄,문화관광,전시관
368,갓전시관[임시휴관중],문화관광,전시관
369,거인의 정원,문화관광,전시관
370,대정현역사자료전시관,문화관광,전시관
371,문화공간 양,문화관광,전시관
372,문화빳데리 충전소,문화관광,전시관
373,산지천갤러리,문화관광,전시관
374,소암현중화기념관,문화관광,전시관
375,예술공간 이아,문화관광,전시관
376,제주국제평화센터,문화관광,전시관
377,제주문예회관,문화관광,전시관
378,조천만세동산,문화관광,전시관
379,통일관,문화관광,전시관
380,포토갤러리 자연사랑미술관,문화관광,전시관
381,하멜상선전시관,문화관광,전시관
382,관덕정,문화관광,문화재
383,항파두리항몽유적지,문화관광,문화재
384,성읍마을,문화관광,문화재
385,알뜨르비행장,문화관광,문화재
386,삼성혈,문화관광,문화재
387,제주목관아,문화관광,문화재
388,별방진,문화관광,문화재
389,명월성지,문화관광,문화재
390,제주 삼양동 유적,문화관광,문화재
391,추사적거지,문화관광,문화재
392,귀덕연대,문화관광,문화재
393,귀빈사,문화관광,문화재
394,대정향교,문화관광,문화재
395,발자국화석공원,문화관광,문화재
396,와흘본향당,문화관광,문화재
397,제주향교,문화관광,문화재
398,화북비석거리,문화관광,문화재
399,가마오름 진지동굴,문화관광,문화재
400,강병대교회,문화관광,문화재
401,곽지패총,문화관광,문화재
402,광령귤나무,문화관광,문화재
403,금덕무환자나무및팽나무군락,문화관광,문화재
404,남두연대,문화관광,문화재
405,동복환해장성,문화관광,문화재
406,명월팽나무군락,문화관광,문화재
407,배령연대,문화관광,문화재
408,법정사,문화관광,문화재
409,법화사,문화관광,문화재
410,별도연대,문화관광,문화재
411,북촌환해장성,문화관광,문화재
412,비양도의 비양나무자생지,문화관광,문화재
413,삼사석,문화관광,문화재
414,신산환해장성,문화관광,문화재
415,애월연대,문화관광,문화재
416,애월환해장성,문화관광,문화재
417,연북정,문화관광,문화재
418,오현단,문화관광,문화재
419,온평리 환해장성,문화관광,문화재
420,우도 봉수대,문화관광,문화재
421,정의향교,문화관광,문화재
422,정의현 일관헌,문화관광,문화재
423,제주고산리유적,문화관광,문화재
424,조천비석거리,문화관광,문화재
425,존자암지,문화관광,문화재
426,최영장군사당,문화관광,문화재
427,한동환해장성,문화관광,문화재
428,협자연대,문화관광,문화재
429,화북환해장성,문화관광,문화재
430,서커스월드공연장,테마관광지,공연장
431,탑동해변공연장,테마관광지,공연장
432,서귀포예술의전당,테마관광지,공연장
433,제주난타,테마관광지,공연장
434,제주문예회관,테마관광지,공연장
435,페인터즈:히어로 제주,테마관광지,공연장
436,오설록티뮤지엄,테마관광지,박물관
437,박물관은 살아있다,테마관광지,박물관
438,본태박물관,테마관광지,박물관
439,세계자동차 & 피아노박물관,테마관광지,박물관
440,감귤박물관,테마관광지,박물관
441,해녀박물관,테마관광지,박물관
442,제주항공우주박물관,테마관광지,박물관
443,테디베어뮤지엄제주,테마관광지,박물관
444,제주해양동물박물관,테마관광지,박물관
445,민속자연사박물관,테마관광지,박물관
446,제주커피박물관 바움 Baum,테마관광지,박물관
447,넥슨컴퓨터박물관,테마관광지,박물관
448,제주유리박물관,테마관광지,박물관
449,건강과성박물관,테마관광지,박물관
450,국립제주박물관,테마관광지,박물관
451,그리스신화박물관 / 트릭아이미술관,테마관광지,박물관
452,초콜릿박물관,테마관광지,박물관
453,아라리오뮤지엄탑동시네마,테마관광지,박물관
454,세계조가비박물관,테마관광지,박물관
455,석부작박물관,테마관광지,박물관
456,아이스뮤지엄,테마관광지,박물관
457,아프리카박물관,테마관광지,박물관
458,바이나흐튼 크리스마스 박물관,테마관광지,박물관
459,세계술박물관,테마관광지,박물관
460,우도박물관,테마관광지,박물관
461,지포뮤지엄,테마관광지,박물관
462,피규어뮤지엄 제주,테마관광지,박물관
463,한국야구명예전당(야구박물관),테마관광지,박물관
464,백년초농장박물관,테마관광지,박물관
465,아라리오뮤지엄동문모텔1,테마관광지,박물관
466,아라리오뮤지엄동문모텔2,테마관광지,박물관
467,이랜드뮤지엄,테마관광지,박물관
468,전쟁평화박물관,테마관광지,박물관
469,제주교육박물관,테마관광지,박물관
470,조안베어뮤지엄,테마관광지,박물관
471,허브동산 미디어 파사드 (media facade),테마관광지,박물관
472,카멜리아힐,테마관광지,테마공원
473,제주4.3평화공원,테마관광지,테마공원
474,에코랜드 테마파크,테마관광지,테마공원
475,아쿠아플라넷 제주,테마관광지,테마공원
476,한림공원,테마관광지,테마공원
477,제주김녕미로공원,테마관광지,테마공원
478,휴애리 자연생활공원,테마관광지,테마공원
479,노리매공원,테마관광지,테마공원
480,메이즈랜드,테마관광지,테마공원
481,선녀와나무꾼,테마관광지,테마공원
482,제주돌문화공원,테마관광지,테마공원
483,제주유리의성,테마관광지,테마공원
484,소인국테마파크,테마관광지,테마공원
485,렛츠런팜제주,테마관광지,테마공원
486,헬로키티아일랜드,테마관광지,테마공원
487,제주러브랜드,테마관광지,테마공원
488,제주허브동산,테마관광지,테마공원
489,이니스프리제주하우스,테마관광지,테마공원
490,코코몽 에코파크,테마관광지,테마공원
491,생각하는정원,테마관광지,테마공원
492,일출랜드,테마관광지,테마공원
493,제주공룡랜드,테마관광지,테마공원
494,동굴의 다원 다희연[리모델링중],테마관광지,테마공원
495,퍼시픽 리솜 마린스테이지,테마관광지,테마공원
496,제주베니스랜드,테마관광지,테마공원
497,더마파크,테마관광지,테마공원
498,서귀포칠십리시공원,테마관광지,테마공원
499,점보빌리지,테마관광지,테마공원
500,노루생태관찰원,테마관광지,테마공원
501,상효원,테마관광지,테마공원
502,렛츠런파크,테마관광지,테마공원
503,제주별빛누리공원[제한적운영중],테마관광지,테마공원
504,제주센트럴파크,테마관광지,테마공원
505,금능석물원,테마관광지,테마공원
506,테디베어사파리 테지움,테마관광지,테마공원
507,번개과학체험관,테마관광지,테마공원
508,신화테마파크,테마관광지,테마공원
509,탐나라공화국(제주남이섬),테마관광지,테마공원
510,로봇스퀘어,테마관광지,테마공원
511,마린파크,테마관광지,테마공원
512,성읍녹차마을,테마관광지,테마공원
513,서귀다원,테마관광지,테마공원
514,용담레포츠공원,테마관광지,테마공원
515,제주돌마을공원,테마관광지,테마공원
516,포레스트 판타지아,테마관광지,테마공원
517,다이나믹메이즈,테마관광지,테마공원
518,방림원,테마관광지,테마공원
519,제주빅볼랜드,테마관광지,테마공원
520,초콜릿랜드,테마관광지,테마공원
521,화조원,테마관광지,테마공원
522,9.81 파크,테마관광지,테마공원
523,브릭캠퍼스,테마관광지,테마공원
524,서프라이즈테마파크,테마관광지,테마공원
525,세리월드 테마파크,테마관광지,테마공원
526,한울랜드,테마관광지,테마공원
527,꿈바당 어린이도서관,테마관광지,테마공원
528,라온주 실내체험동물원,테마관광지,테마공원
529,멍멍플레이스,테마관광지,테마공원
530,목장카페 드르쿰다,테마관광지,테마공원
531,브레이브독스,테마관광지,테마공원
532,뽀로로&타요 테마파크 제주,테마관광지,테마공원
533,사진놀이터,테마관광지,테마공원
534,스누피가든,테마관광지,테마공원
535,어영공원,테마관광지,테마공원
536,이상한 나라의 앨리스,테마관광지,테마공원
537,일출랜드 아트센터,테마관광지,테마공원
538,제주미래교육연구원 과학탐구체험장,테마관광지,테마공원
539,제주불빛정원 테마파크,테마관광지,테마공원
540,제주판타지월드,테마관광지,테마공원
541,제주힐링명상센터,테마관광지,테마공원
542,중문미로파크,테마관광지,테마공원
543,캐릭파크,테마관광지,테마공원
544,토이파크,테마관광지,테마공원
545,파파빌레,테마관광지,테마공원
546,포레스트 사파리,테마관광지,테마공원
547,플레이박스VR,테마관광지,테마공원
548,제주올레 7코스,도보,제주올레
549,제주올레 8코스,도보,제주올레
550,제주올레 10코스,도보,제주올레
551,제주올레 18코스,도보,제주올레
552,제주올레 15-A코스,도보,제주올레
553,제주올레 6코스,도보,제주올레
554,제주올레 14코스,도보,제주올레
555,제주올레 5코스,도보,제주올레
556,제주올레 1코스,도보,제주올레
557,제주올레 17코스,도보,제주올레
558,제주올레 9코스,도보,제주올레
559,제주올레 19코스,도보,제주올레
560,제주올레 20코스,도보,제주올레
561,제주올레 4코스,도보,제주올레
562,제주올레 3코스,도보,제주올레
563,올레여행자센터,도보,제주올레
564,제주올레 1-1코스,도보,제주올레
565,제주올레 11코스,도보,제주올레
566,제주올레 14-1코스,도보,제주올레
567,제주올레 16코스,도보,제주올레
568,제주올레 21코스,도보,제주올레
569,제주올레 2코스,도보,제주올레
570,제주올레 12코스,도보,제주올레
571,제주올레 13코스,도보,제주올레
572,제주올레 15-B코스,도보,제주올레
573,제주올레 18-1코스,도보,제주올레
574,제주올레 10-1코스,도보,제주올레
575,제주올레 7-1코스,도보,제주올레
576,칠머리길,도보,제주올레
577,수월봉 지질트레일,도보,지질트레일
578,김녕 지질트레일,도보,지질트레일
579,산방산 용머리해안 지질트레일,도보,지질트레일
580,사려니숲길,도보,생태·숲길
581,한라산어리목코스,도보,생태·숲길
582,환상숲 곶자왈공원,도보,생태·숲길
583,붉은오름 자연휴양림,도보,생태·숲길
584,제주곶자왈도립공원,도보,생태·숲길
585,곶자왈,도보,생태·숲길
586,천아숲길 천아계곡,도보,생태·숲길
587,청수곶자왈,도보,생태·숲길
588,화순곶자왈생태탐방숲길,도보,생태·숲길
589,무릉곶자왈,도보,생태·숲길
590,숫모르편백나무숲길,도보,생태·숲길
591,볼레낭길,도보,생태·숲길
592,산양곶자왈,도보,생태·숲길
593,서광리 곶자왈생태탐방로,도보,생태·숲길
594,덕천리 팔자 좋아 길,도보,생태·숲길
595,삼다수숲길 지질트레일,도보,생태·숲길
596,장생의 숲길,도보,생태·숲길
597,제주신화전설탐방로,도보,생태·숲길
598,환상숲곶자왈 담앙족욕,도보,생태·숲길
599,추사 유배길 - 3코스 사색의 길,도보,종교·순례·유배길
600,추사 유배길 - 2코스 인연의 길,도보,종교·순례·유배길
601,기독교순례길 1코스(순종의길),도보,종교·순례·유배길
602,기독교순례길 2코스(순교의길),도보,종교·순례·유배길
603,기독교순례길 3코스(사명의길),도보,종교·순례·유배길
604,기독교순례길 4코스(화해의길),도보,종교·순례·유배길
605,제주기독교순례길,도보,종교·순례·유배길
606,제주불교성지 순례길 절로 가는길 - 보시의 길,도보,종교·순례·유배길
607,제주불교성지 순례길 절로 가는길 - 인욕의 길,도보,종교·순례·유배길
608,제주불교성지 순례길 절로 가는길 - 정진의 길,도보,종교·순례·유배길
609,제주불교성지 순례길 절로 가는길 - 지계의 길,도보,종교·순례·유배길
610,제주불교성지 순례길 절로가는길 - 선정의 길,도보,종교·순례·유배길
611,천주교 순례길 - 김기량길,도보,종교·순례·유배길
612,천주교 순례길 - 김대건길,도보,종교·순례·유배길
613,천주교 순례길 - 신축화해길,도보,종교·순례·유배길
614,천주교 순례길 - 하논성당길,도보,종교·순례·유배길
615,천주교길 정난주길(고통의길),도보,종교·순례·유배길
616,추사 유배길 - 1코스 집념의 길,도보,종교·순례·유배길
617,중문골프장,레저/체험,골프
618,라온골프클럽,레저/체험,골프
619,클럽나인브릿지,레저/체험,골프
620,제주롯데스카이힐컨트리클럽,레저/체험,골프
621,핀크스 골프클럽,레저/체험,골프
622,골프탕탕,레저/체험,골프
623,부영컨트리클럽,레저/체험,골프
624,세인트포골프장,레저/체험,골프
625,스프링데일CC,레저/체험,골프
626,에버리스 골프리조트,레저/체험,골프
627,제주레이크힐스컨트리클럽,레저/체험,골프
628,제주컨트리클럽,레저/체험,골프
629,제주힐CC,레저/체험,골프
630,중문컨트리클럽,레저/체험,골프
631,해비치컨트리클럽제주,레저/체험,골프
632,제주레포츠랜드,레저/체험,ATV / 카트
633,성읍랜드,레저/체험,ATV / 카트
634,9.81 파크,레저/체험,ATV / 카트
635,세리월드 테마파크,레저/체험,ATV / 카트
636,신비의도로카트체험장,레저/체험,ATV / 카트
637,제주카트클럽,레저/체험,ATV / 카트
638,대유ATV수렵사격랜드,레저/체험,ATV / 카트
639,더마카트,레저/체험,ATV / 카트
640,송악카트체험장,레저/체험,ATV / 카트
641,우도보물섬레져,레저/체험,ATV / 카트
642,우도봉 ATV,레저/체험,ATV / 카트
643,윈드1947 카트 테마파크,레저/체험,ATV / 카트
644,조랑말체험공원,레저/체험,승마
645,낙타트래킹,레저/체험,승마
646,라온승마클럽,레저/체험,승마
647,성읍랜드,레저/체험,승마
648,송당승마장,레저/체험,승마
649,어승생승마장 Horseland Jeju,레저/체험,승마
650,거문오름승마체험장,레저/체험,승마
651,서광승마장,레저/체험,승마
652,쇠와꽃 승마장,레저/체험,승마
653,노을승마장,레저/체험,승마
654,세리월드 테마파크,레저/체험,승마
655,알프스승마장포니,레저/체험,승마
656,제주승마공원,레저/체험,승마
657,성읍승마장,레저/체험,승마
658,옷귀마테마타운,레저/체험,승마
659,우도징기스칸승마체험,레저/체험,승마
660,제주에코승마장(구.제주승마장),레저/체험,승마
661,제주오름승마랜드,레저/체험,승마
662,제주힐링명상센터,레저/체험,승마
663,조은승마장,레저/체험,승마
664,중문승마공원,레저/체험,승마
665,한라승마장,레저/체험,승마
666,제주하늘을날다(패러글라이딩),레저/체험,패러글라이딩
667,제주 패러글라이딩 스쿨,레저/체험,패러글라이딩
668,제주베스트힐 열기구랜드,레저/체험,패러글라이딩
669,하늘여행 행글라이더체험장,레저/체험,패러글라이딩
670,제주실탄사격장,레저/체험,수렵/활쏘기
671,서귀포 궁도장(천지정),레저/체험,수렵/활쏘기
672,제주힐링명상센터,레저/체험,수렵/활쏘기
673,서귀포잠수함(대국해저관광),레저/체험,해양스포츠
674,퍼시픽 리솜 요트투어 샹그릴라,레저/체험,해양스포츠
675,월정리 카약체험장,레저/체험,해양스포츠
676,우도잠수함(제주씨월드),레저/체험,해양스포츠
677,그랑블루 요트투어,레저/체험,해양스포츠
678,서귀포유람선,레저/체험,해양스포츠
679,익스트림제주카약올레,레저/체험,해양스포츠
680,곽지레저 & 서프나우,레저/체험,해양스포츠
681,김녕요트투어,레저/체험,해양스포츠
682,그제바람 윈드서핑패들보드,레저/체험,해양스포츠
683,애월 한담 카약,레저/체험,해양스포츠
684,그린크루즈(산방산유람선),레저/체험,해양스포츠
685,해적잠수함,레저/체험,해양스포츠
686,화순금모래해수욕장담수수영장,레저/체험,해양스포츠
687,쇠소깍제트,레저/체험,해양스포츠
688,우도올레보트,레저/체험,해양스포츠
689,제주바다체험장,레저/체험,해양스포츠
690,제주워터월드,레저/체험,해양스포츠
691,제주제트,레저/체험,해양스포츠
692,차귀도요트,레저/체험,해양스포츠
693,케이제주씨워킹,레저/체험,해양스포츠
694,타보카 월정리투명카약,레저/체험,해양스포츠
695,(주)제주해양레저 투명카약,레저/체험,해양스포츠
696,고포잇다이브센터,레저/체험,해양스포츠
697,굿다이버,레저/체험,해양스포츠
698,그랑블루호(선상낚시),레저/체험,해양스포츠
699,김서프제주,레저/체험,해양스포츠
700,문서프,레저/체험,해양스포츠
701,서귀포 다이브센터,레저/체험,해양스포츠
702,스쿠버스쿨,레저/체험,해양스포츠
703,애월스쿠버다이빙스쿨,레저/체험,해양스포츠
704,용연카누클럽,레저/체험,해양스포츠
705,율랜드 다이브센터,레저/체험,해양스포츠
706,이호털보네배낚시,레저/체험,해양스포츠
707,제주 이호털보 배낚시,레저/체험,해양스포츠
708,제주다이브 체험다이빙,레저/체험,해양스포츠
709,제주잠수함(국제리더스클럽),레저/체험,해양스포츠
710,제주쥬티클럽,레저/체험,해양스포츠
711,제주카약,레저/체험,해양스포츠
712,제주해양레저,레저/체험,해양스포츠
713,제주해양레저파크,레저/체험,해양스포츠
714,조이다이브,레저/체험,해양스포츠
715,케이제주해양사업단,레저/체험,해양스포츠
716,하모씨워킹,레저/체험,해양스포츠
717,함덕잠수함(이고제주),레저/체험,해양스포츠
718,서귀포자연휴양림,레저/체험,캠핑
719,비체올린,레저/체험,캠핑
720,곽지해수욕장야영장,레저/체험,캠핑
721,제주 메이 더 호텔 카라반빌리지,레저/체험,캠핑
722,김녕해수욕장야영장,레저/체험,캠핑
723,팜핑제주,레저/체험,캠핑
724,귤빛캠핑장,레저/체험,캠핑
725,돌고래하우스(캠핑장),레저/체험,캠핑
726,벨리타,레저/체험,캠핑
727,비양도 연평리 야영지,레저/체험,캠핑
728,서귀포호텔 카라반,레저/체험,캠핑
729,에코힐글램핑,레저/체험,캠핑
730,원앙카라반캠핑장앤야영장,레저/체험,캠핑
731,자연인,레저/체험,캠핑
732,제주 카카오캠핑,레저/체험,캠핑
733,제주글램핑 (무한자미향),레저/체험,캠핑
734,제주돌하르방캠핑장,레저/체험,캠핑
735,제주베스트힐 펜션&글램핑,레저/체험,캠핑
736,제주파인비치카라반,레저/체험,캠핑
737,제주플래티늄카라반,레저/체험,캠핑
738,중문카라반,레저/체험,캠핑
739,함덕야영장,레저/체험,캠핑
740,휴림,레저/체험,캠핑
741,아침미소목장,레저/체험,체험
742,아날로그감귤밭,레저/체험,체험
743,귤밭76번지,레저/체험,체험
744,레이저서바이벌M,레저/체험,체험
745,최남단 체험 감귤농장(가뫼물 농촌생태공원),레저/체험,체험
746,한라감귤체험농원,레저/체험,체험
747,액티브파크,레저/체험,체험
748,동산농원 딸기체험장,레저/체험,체험
749,번개레이싱,레저/체험,체험
750,서귀포 펍크롤,레저/체험,체험
751,구좌 하도어촌계,레저/체험,체험
752,도치돌 알파카목장,레저/체험,체험
753,어린이교통공원,레저/체험,체험
754,제주민속식품,레저/체험,체험
755,해녀의 태왁,레저/체험,체험
756,간세공방,레저/체험,체험
757,감귤상웨빵 체험,레저/체험,체험
758,강정어촌계,레저/체험,체험
759,고마워토토 아뜰리에,레저/체험,체험
760,고사리숲,레저/체험,체험
761,까망고띠,레저/체험,체험
762,남원 위미2리 어촌계,레저/체험,체험
763,내창트레킹,레저/체험,체험
764,디스커버제주,레저/체험,체험
765,레더한,레저/체험,체험
766,로로 요가,레저/체험,체험
767,맛있는 철학자(태반의땅제주),레저/체험,체험
768,미요캔들,레저/체험,체험
769,바구스서핑스쿨,레저/체험,체험
770,봉쥬르봉봉,레저/체험,체험
771,비자림농원,레저/체험,체험
772,쁘램 요가,레저/체험,체험
773,새별헤이요목장,레저/체험,체험
774,서귀포농업기술센터 제주농업생태원,레저/체험,체험
775,손방둥이,레저/체험,체험
776,스위트몽키,레저/체험,체험
777,신효 생활개선회,레저/체험,체험
778,신효베스트마을,레저/체험,체험
779,아일랜드에프,레저/체험,체험
780,안덕면 사계어촌계,레저/체험,체험
781,에밀리파크,레저/체험,체험
782,예래생태체험관,레저/체험,체험
783,올레산야초,레저/체험,체험
784,이로이로공방,레저/체험,체험
785,제주 더팔팔농장,레저/체험,체험
786,제주다,레저/체험,체험
787,제주샘주 영농협동조합,레저/체험,체험
788,제주안전체험관,레저/체험,체험
789,제주오렌지,레저/체험,체험
790,제주인디,레저/체험,체험
791,제주토종흑염소목장,레저/체험,체험
792,캔디원,레저/체험,체험
793,캘리그라피 오월,레저/체험,체험
794,폴개협동조합,레저/체험,체험
795,한라산 아래 첫 마을,레저/체험,체험
796,한라산 청정촌,레저/체험,체험
797,한라의향기,레저/체험,체험
798,한림바다체험마을,레저/체험,체험
799,해품은체험농장,레저/체험,체험
800,해피맘하우스,레저/체험,체험
801,핸즈웍스,레저/체험,체험
802,가뫼물(제주농촌생태체험농장),레저/체험,농업체험마을
803,동백마을(신흥2리),레저/체험,농업체험마을
804,물뫼힐링팜,레저/체험,농업체험마을
805,신풍리 밭담길,레저/체험,농업체험마을
806,토종닭유통특구교래삼다수마을,레저/체험,농업체험마을
807,우도(해양도립공원),섬 속의 섬,
808,마라도(마라해양도립공원),섬 속의 섬,
809,가파도,섬 속의 섬,
810,비양도,섬 속의 섬,
811,차귀도,섬 속의 섬,
812,우도 비양도,섬 속의 섬,
813,우도등대,섬 속의 섬,
814,형제섬,섬 속의 섬,
815,범섬,섬 속의 섬,
816,추자도,섬 속의 섬,
817,새섬,섬 속의 섬,
818,섶섬(서귀포해양도립공원),섬 속의 섬,
819,문섬(서귀포해양도립공원),섬 속의 섬,
820,마라도등대,섬 속의 섬,
821,서건도,섬 속의 섬,
822,우도봉 풍경,섬 속의 섬,
823,마라도관광쉼터,섬 속의 섬,
824,비양도등대,섬 속의 섬,
825,토끼섬,섬 속의 섬,
826,가파도 마라도 정기여객선,섬 속의 섬,
827,추자도 숭어체험장,섬 속의 섬,
828,다려도,섬 속의 섬,
829,묵리마을,섬 속의 섬,
830,섬생이,섬 속의 섬,
831,신대산전망대,섬 속의 섬,
832,신양항(하추자항),섬 속의 섬,
833,예초리,섬 속의 섬,
834,추자도등대,섬 속의 섬,
835,추자연도교,섬 속의 섬,
836,카멜리아힐,웰니스,
837,오설록티뮤지엄,웰니스,
838,한림공원,웰니스,
839,제주김녕미로공원,웰니스,
840,휴애리 자연생활공원,웰니스,
841,제주허브동산,웰니스,
842,생각하는정원,웰니스,
843,동백동산,웰니스,
844,서귀포치유의숲,웰니스,
845,붉은오름 자연휴양림,웰니스,
846,비체올린,웰니스,
847,탐나라공화국(제주남이섬),웰니스,
848,머체왓숲길,웰니스,
849,제주901,웰니스,
850,WE호텔 웰니스센터,웰니스,
851,가뫼물(제주농촌생태체험농장),웰니스,
852,관음사 야영장,웰니스,
853,더힐하우스스파,웰니스,
854,돌담한길펜션,웰니스,
855,동백마을(신흥2리),웰니스,
856,롯데호텔 브이스파,웰니스,
857,마라도 섬투어,웰니스,
858,물뫼힐링팜,웰니스,
859,바릇스파,웰니스,
860,수목원테마공원(야시장길&LED공원),웰니스,
861,스위트호텔 아로마,웰니스,
862,씨에스호텔 프라이빗스파,웰니스,
863,아라고나이트 온천(디아넥스호텔),웰니스,
864,옷귀마테마타운,웰니스,
865,이음새,웰니스,
866,제주밭담숲,웰니스,
867,제주베스트힐 펜션&글램핑,웰니스,
868,제주여가마을,웰니스,
869,제주통나무휴양펜션,웰니스,
870,제주힐링명상센터,웰니스,
871,진빌레 밭담길,웰니스,
872,질그랭이센터,웰니스,
873,청재설헌,웰니스,
874,취다선리조트,웰니스,
875,파파빌레,웰니스,
876,한화리조트 테라피센터,웰니스,
877,환상숲곶자왈 담앙족욕,웰니스,
878,휘닉스 르쏠레이테라피,웰니스,
879,올래국수,향토음식,
880,가시아방,향토음식,
881,순옥이네 명가,향토음식,
882,국수의전설,향토음식,
883,한림칼국수,향토음식,
884,국수마당,향토음식,
885,국수바다 본점,향토음식,
886,어진이네횟집,향토음식,
887,해월정,향토음식,
888,수두리보말칼국수,향토음식,
889,독개물항,향토음식,
890,만덕이네,향토음식,
891,신설오름,향토음식,
892,김희선몸국,향토음식,
893,제주미향,향토음식,
894,협재해녀의집,향토음식,
895,고서방해물탕,향토음식,
896,곰막,향토음식,
897,김지순의 낭푼밥상,향토음식,
898,민경이네어등포해녀촌,향토음식,
899,삼대국수회관 신제주점,향토음식,
900,앞뱅디식당,향토음식,
901,우도해녀식당,향토음식,
902,중문덤장,향토음식,
903,물꼬해녀의집,향토음식,
904,섭지코지 해녀밥상,향토음식,
905,옥돔식당,향토음식,
906,일통이반,향토음식,
907,평대성게국수,향토음식,
908,해녀식당(동복리),향토음식,
909,도두해녀의집,향토음식,
910,바다의집,향토음식,
911,삼무국수,향토음식,
912,숙이네보리빵,향토음식,
913,시흥해녀의집,향토음식,
914,영주말가든,향토음식,
915,자자손손국수회관,향토음식,
916,토끼와거북이,향토음식,
917,가시식당,향토음식,
918,골막식당,향토음식,
919,그린정,향토음식,
920,대박국수,향토음식,
921,섭지해녀의집,향토음식,
922,유리네,향토음식,
923,이어도식당,향토음식,
924,잠녀해녀촌,향토음식,
925,제주토속몸국,향토음식,
926,제주한면가,향토음식,
927,중문어촌계해녀의집,향토음식,
928,촌촌해녀촌,향토음식,
929,탑동산호전복,향토음식,
930,한성식당,향토음식,
931,호돌이식당,향토음식,
932,고향생각,향토음식,
933,괸당네식당,향토음식,
934,덤장,향토음식,
935,돌하르방식당,향토음식,
936,마두천손칼국수,향토음식,
937,모실래기해녀해물촌,향토음식,
938,산호사 해녀의집,향토음식,
939,섯동네해녀의집,향토음식,
940,안거리밖거리,향토음식,
941,어머니몸국,향토음식,
942,엉덩물,향토음식,
943,오조해녀의 집,향토음식,
944,일출봉쑥빵보리빵,향토음식,
945,전원일기,향토음식,
946,제주뚝배기,향토음식,
947,감초식당,향토음식,
948,강정해녀의집,향토음식,
949,갯것이식당,향토음식,
950,고가네,향토음식,
951,고향향토장터,향토음식,
952,공천포식당,향토음식,
953,귀빈식당,향토음식,
954,금뽕똘향토음식점,향토음식,
955,넉둥베기 고사리육개장,향토음식,
956,늘예솔,향토음식,
957,늘푸른농원 연리지가든,향토음식,
958,마돈,향토음식,
959,마마무말가든,향토음식,
960,맛있는집,향토음식,
961,명성식당,향토음식,
962,모메존,향토음식,
963,몽생이,향토음식,
964,무뚱 식도락 식당,향토음식,
965,보말고을,향토음식,
966,보말이야기,향토음식,
967,봉골레밥상,향토음식,
968,부지깽이,향토음식,
969,산방산에 옛촌,향토음식,
970,삼대해녀의집,향토음식,
971,성산일출봉 해송갈치전문점,향토음식,
972,소라네집,향토음식,
973,신등대수산회센타,향토음식,
974,오솔길,향토음식,
975,오쿠다,향토음식,
976,올레산야초,향토음식,
977,올레실내포장마차,향토음식,
978,이조은식당,향토음식,
979,장춘육당,향토음식,
980,전망대횟집,향토음식,
981,제주선 더블랙,향토음식,
982,제주진미마돈가,향토음식,
983,좀녀마을뚝배기,향토음식,
984,종달해녀의집,향토음식,
985,중문신라원,향토음식,
986,청정고을식당,향토음식,
987,청해원,향토음식,
988,함덕밀면,향토음식,
989,해녀3대할망네,향토음식,
990,해적선,향토음식,
991,해품,향토음식,
992,황금어장(제주시),향토음식,
993,명진전복,한식,
994,제주김만복(만복이네김밥집),한식,
995,濟州膳제주선,한식,
996,우진해장국,한식,
997,춘심이네,한식,
998,돈사돈,한식,
999,명랑스낵,한식,
1000,최고집,한식,
1001,운정이네,한식,
1002,고래라면,한식,
1003,고집돌우럭(제주공항점),한식,
1004,벵디,한식,
1005,로뎀가든,한식,
1006,우도 풍원,한식,
1007,고집돌우럭(중문),한식,
1008,맛나식당,한식,
1009,산방식당(모슬포본점),한식,
1010,평대스낵,한식,
1011,경미네집(경미휴게소),한식,
1012,슬슬슬로우,한식,
1013,교래손칼국수,한식,
1014,동복리해녀촌,한식,
1015,연미정,한식,
1016,목포고을,한식,
1017,바다속고등어쌈밥,한식,
1018,복자씨연탄구이,한식,
1019,서광춘희,한식,
1020,성읍칠십리식당,한식,
1021,올레7돈 (올레칠돈),한식,
1022,중앙식당,한식,
1023,행복한국수집,한식,
1024,노라바,한식,
1025,독개물항,한식,
1026,오라숲소리,한식,
1027,흑돈가,한식,
1028,흑돼지구이집 하영,한식,
1029,기억나는집,한식,
1030,낭뜰에쉼팡,한식,
1031,사계바다,한식,
1032,산도롱맨도롱,한식,
1033,전설의마녀,한식,
1034,제주올레냉면 제주노형점,한식,
1035,거멍국수,한식,
1036,고불락,한식,
1037,다가미(도남),한식,
1038,명리동식당,한식,
1039,문동일셰프녹차고을,한식,
1040,백양닭집,한식,
1041,부두식당 (모슬포),한식,
1042,붉은제주,한식,
1043,서귀포네거리식당,한식,
1044,오가네전복설렁탕,한식,
1045,오는정김밥,한식,
1046,우도면파전리,한식,
1047,제주도그릴,한식,
1048,한치앞도모를바다,한식,
1049,곱들락,한식,
1050,늘봄흑돼지,한식,
1051,대우정,한식,
1052,메밀꽃차롱,한식,
1053,바굥식당,한식,
1054,바다를본돼지(판포점),한식,
1055,산지물식당(건입동본점),한식,
1056,생돈우리,한식,
1057,성산해오름식당,한식,
1058,소곱에,한식,
1059,영림흑돼지가든,한식,
1060,옛날옛적,한식,
1061,우도자연,한식,
1062,우도해광식당,한식,
1063,은희네해장국 (일도점),한식,
1064,제주명가두루치기,한식,
1065,제주해물밥,한식,
1066,제주흑돈세상수라간,한식,
1067,화로향,한식,
1068,회양과 국수군,한식,
1069,가파도 용궁정식,한식,
1070,담아래,한식,
1071,덕승식당(구관),한식,
1072,돈사촌 외도점,한식,
1073,면뽑는선생 만두빚는아내,한식,
1074,명품진전복해물탕,한식,
1075,미풍해장국 신제주점,한식,
1076,뽈살집,한식,
1077,산방산초가집,한식,
1078,쇠소깍모꼬지,한식,
1079,숨어있는집,한식,
1080,쉬는팡가든,한식,
1081,신의한모,한식,
1082,연이네,한식,
1083,연정식당,한식,
1084,이춘옥원조고등어쌈밥,한식,
1085,제갈양,한식,
1086,지붕위제주바다,한식,
1087,청호식당,한식,
1088,키다리아저씨,한식,
1089,판포분식,한식,
1090,하르방밀면(운동장점),한식,
1091,하얀산호식당,한식,
1092,한라식당,한식,
1093,현옥식당,한식,
1094,흑소랑,한식,
1095,kim여사의밥상,한식,
1096,곽지박사장&김사장네,한식,
1097,교래흑돼지,한식,
1098,국수장터,한식,
1099,국시트멍,한식,
1100,깡촌흑돼지,한식,
1101,난드르깡통구이,한식,
1102,다육이풍경,한식,
1103,돈이랑,한식,
1104,등경돌식당,한식,
1105,떡하니,한식,
1106,마린보이횟집,한식,
1107,문화통닭,한식,
1108,미송식탁,한식,
1109,삼성혈해물탕,한식,
1110,삼일식당,한식,
1111,선미식당,한식,
1112,성산흑돼지두루치기,한식,
1113,쇠소깍오메기식당,한식,
1114,수구레국밥,한식,
1115,수복강녕,한식,
1116,순덕이네해산물장터,한식,
1117,순천미향,한식,
1118,아찌국밥,한식,
1119,어머니와장독대,한식,
1120,어멍,한식,
1121,예지원,한식,
1122,옛날동문시장칼국수,한식,
1123,올랭이와물꾸럭,한식,
1124,우도다방 돼지네땅콩손만두,한식,
1125,우도설빙면,한식,
1126,월정리갈비밥,한식,
1127,이드레국수,한식,
1128,이어도식당,한식,
1129,일도 국수,한식,
1130,제주오성,한식,
1131,제주칼국수 제주해물탕,한식,
1132,주상절리회국수,한식,
1133,짱아저씨,한식,
1134,착한마녀김밥,한식,
1135,천리식당,한식,
1136,청운식당,한식,
1137,태광식당,한식,
1138,포도원흑돼지,한식,
1139,포도호텔레스토랑,한식,
1140,한라앤탐,한식,
1141,해금강횟집,한식,
1142,허벅식당,한식,
1143,화진전복,한식,
1144,고등어쌈밥,한식,
1145,고요남,한식,
1146,골목집갈치와고등어,한식,
1147,곱을락(음식점),한식,
1148,광평도새기촌 이도점,한식,
1149,국수냐 국밥이냐,한식,
1150,그대와함께라면,한식,
1151,김녕제주흑돼지정육점식당,한식,
1152,김이박,한식,
1153,꽁순이네,한식,
1154,끌림,한식,
1155,누리해장국,한식,
1156,다올터해장국,한식,
1157,달마야해물탕,한식,
1158,대광장식당,한식,
1159,대성아귀찜,한식,
1160,더꽃돈,한식,
1161,더화원,한식,
1162,도남오거리도남점,한식,
1163,돈대장,한식,
1164,돈마구이해장국(연동점),한식,
1165,돈향기,한식,
1166,돌집식당,한식,
1167,돌하르방 뚝배기,한식,
1168,돔베돈 공항점,한식,
1169,동도원,한식,
1170,동양식당,한식,
1171,돼지촌,한식,
1172,둥지식당,한식,
1173,땅꼬분식 뷔페,한식,
1174,뚱보조개,한식,
1175,마더카페,한식,
1176,만민식당,한식,
1177,만세국수,한식,
1178,만세국수 삼성혈점,한식,
1179,말이,한식,
1180,맛좋은디,한식,
1181,맥반석 식당,한식,
1182,맵찜,한식,
1183,모메든식당,한식,
1184,모슬포에서,한식,
1185,물질식육식당,한식,
1186,물회영해초영,한식,
1187,미나리식당,한식,
1188,바당꺼몬딱,한식,
1189,바당지기,한식,
1190,바람개비,한식,
1191,복댕이,한식,
1192,봉평메밀가,한식,
1193,불만나,한식,
1194,비원,한식,
1195,사해방흑돼지,한식,
1196,산포식당,한식,
1197,살랑살랑샤브샤브,한식,
1198,상춘재,한식,
1199,새벽숯불가든,한식,
1200,색달식당,한식,
1201,서귀포흑돈,한식,
1202,서민흑돼지,한식,
1203,성미가든,한식,
1204,성산진미식당,한식,
1205,성신흑돼지,한식,
1206,성아시,한식,
1207,손맛촌,한식,
1208,수다뜰,한식,
1209,순정문어,한식,
1210,시골길,한식,
1211,신옛촌,한식,
1212,아웃도어키친,한식,
1213,아톰스낵,한식,
1214,애월 고깃간,한식,
1215,어머니닭집,한식,
1216,어머니와고등어,한식,
1217,어머니의뜻을담다 단지,한식,
1218,어사촌도야지,한식,
1219,어우늘,한식,
1220,엉클통김밥(본점),한식,
1221,연우네,한식,
1222,옛고을갈비,한식,
1223,오로라식당,한식,
1224,오르다키친,한식,
1225,오일등식당,한식,
1226,올댓제주,한식,
1227,우도이야기,한식,
1228,우무깨식당,한식,
1229,월드컵흑돼지,한식,
1230,월리월리,한식,
1231,이어도전복해물전문점,한식,
1232,인어공주,한식,
1233,장승포식당,한식,
1234,저팔계깡통연탄구이,한식,
1235,제라한보쌈,한식,
1236,제원분식,한식,
1237,제주 강남해물탕,한식,
1238,제주 어가,한식,
1239,제주삼다국수,한식,
1240,제주시 새우리,한식,
1241,제주틈,한식,
1242,중문대들보,한식,
1243,중문솥뚜껑,한식,
1244,진대감12제주,한식,
1245,창천삼거리식당,한식,
1246,청도해물탕,한식,
1247,추자도중앙식당,한식,
1248,칠사돈,한식,
1249,코코분식,한식,
1250,탐라면,한식,
1251,탑부평,한식,
1252,한라통닭,한식,
1253,한마음돈가돈,한식,
1254,한우네백년해장국,한식,
1255,해뜨는식당,한식,
1256,햇살가득돌담집,한식,
1257,행복미가,한식,
1258,행복한시저네,한식,
1259,홍돈깡통연탄구이,한식,
1260,황토기와집,한식,
1261,흑돈향,한식,
1262,흑돼지신화,한식,
1263,흑돼지촌,한식,
1264,흑돼지킹생구이전문점,한식,
1265,흑한우명품관,한식,
1266,1080칼국수,한식,
1267,24시 뼈다귀탕 제주점,한식,
1268,24시 전주명가콩나물국밥,한식,
1269,BBQ치킨 추자점,한식,
1270,가산토방 식당,한식,
1271,가야아구찜,한식,
1272,감나무집,한식,
1273,감산우리가든,한식,
1274,갯마을,한식,
1275,거부한정식(신제주점),한식,
1276,경성통닭,한식,
1277,고객식당,한식,
1278,고내촌한정식,한식,
1279,고벤져스(본점),한식,
1280,고사리식당,한식,
1281,고향향토장터,한식,
1282,과수원집,한식,
1283,곽지식당,한식,
1284,구이향연동점,한식,
1285,국수와냉면,한식,
1286,귀빈식당,한식,
1287,그옛맛,한식,
1288,금강민물장어,한식,
1289,금보,한식,
1290,금보가든,한식,
1291,길벗식당,한식,
1292,김명자굴국밥(제주본점),한식,
1293,까망돼지,한식,
1294,깜돈 흑돼지,한식,
1295,꼬꼬닭한마리,한식,
1296,나목도식당,한식,
1297,나주닭집,한식,
1298,내가 찾은 맛고을,한식,
1299,내담,한식,
1300,노리터스낵,한식,
1301,녹나무,한식,
1302,누룽지식당,한식,
1303,뉴자연으로,한식,
1304,느지리식식당,한식,
1305,다담은,한식,
1306,다해복국,한식,
1307,달래식당,한식,
1308,대굴대굴구이,한식,
1309,대기정,한식,
1310,대운정,한식,
1311,대향연탄구이,한식,
1312,덕승식당(신관),한식,
1313,도가촌,한식,
1314,돈가,한식,
1315,돈돼지흑돼지,한식,
1316,돈채,한식,
1317,돈풍년,한식,
1318,돌섬,한식,
1319,동그라미식육식당(돈델리),한식,
1320,동우통닭,한식,
1321,돼지굽는정원,한식,
1322,두가시가든,한식,
1323,두루두루,한식,
1324,땅땅치킨 봉개점,한식,
1325,뚱순이 꼬마김밥,한식,
1326,뜰향기,한식,
1327,마님순대,한식,
1328,마라톤식당,한식,
1329,마마식당,한식,
1330,마중물삼계탕,한식,
1331,만덕식당,한식,
1332,만선바다,한식,
1333,만조이천쌀밥,한식,
1334,맛나리,한식,
1335,맛있는 여가생활,한식,
1336,면사무소,한식,
1337,명도암수다뜰,한식,
1338,명문사거리식당,한식,
1339,명물,한식,
1340,모퉁이스낵,한식,
1341,무진장식당,한식,
1342,문게야,한식,
1343,미나리(제주시),한식,
1344,미루네,한식,
1345,미복빈대떡,한식,
1346,미소짓는 흑도야지,한식,
1347,미원,한식,
1348,밀리우,한식,
1349,바다를 본 돼지(서귀포점),한식,
1350,바캉스샤브샤브,한식,
1351,박장군,한식,
1352,반딧불한담,한식,
1353,밤낮가온,한식,
1354,방긋스낵,한식,
1355,방모루,한식,
1356,배롱개,한식,
1357,백기해녀의 집,한식,
1358,백번가든,한식,
1359,법환어촌계횟집,한식,
1360,보라네,한식,
1361,복단지식당,한식,
1362,본가,한식,
1363,봉골레밥상,한식,
1364,봉이네식당,한식,
1365,뵈뵈,한식,
1366,빌리네월정스낵,한식,
1367,빨간집,한식,
1368,뿔소라몽땅정식,한식,
1369,산내들식당,한식,
1370,삼수정,한식,
1371,삼원정,한식,
1372,생원전복,한식,
1373,생이소리,한식,
1374,서귀포갈비,한식,
1375,서문뒷고기,한식,
1376,서문수산,한식,
1377,서우봉가든,한식,
1378,서울떡볶이,한식,
1379,석다원,한식,
1380,석촌식당,한식,
1381,선흘방주할매식당,한식,
1382,섬채,한식,
1383,성광식당,한식,
1384,성미식당,한식,
1385,성춘(토종순대),한식,
1386,세가름,한식,
1387,세자매식당,한식,
1388,소녀방앗간,한식,
1389,소반,한식,
1390,솔향,한식,
1391,수모루국수,한식,
1392,수월봉 가마솥순대국,한식,
1393,순심이네한라봉돼지갈비,한식,
1394,순이네해장국,한식,
1395,순풍해장국,한식,
1396,순희뽀글이,한식,
1397,숨비나리,한식,
1398,시영통닭,한식,
1399,시즌박스,한식,
1400,신 해바라기분식,한식,
1401,신동성식당,한식,
1402,신등대수산회센타,한식,
1403,신우성타운,한식,
1404,아랑,한식,
1405,안다미로,한식,
1406,알마니,한식,
1407,앞돈지,한식,
1408,야자수 식당,한식,
1409,양촌리마을,한식,
1410,어부와농부,한식,
1411,어애랑,한식,
1412,열공부엌,한식,
1413,영춘식당,한식,
1414,영해식당 (제주점),한식,
1415,옛정의골 식당,한식,
1416,오누이밥상,한식,
1417,오라오거리정식,한식,
1418,오르막가든,한식,
1419,오마이양대창 제주외도점,한식,
1420,오메오메,한식,
1421,오복떡집,한식,
1422,올레삼다정,한식,
1423,올레실내포장마차,한식,
1424,옹포별장가든,한식,
1425,용담밭담,한식,
1426,용담생국수,한식,
1427,용두암 바당회국수,한식,
1428,용이식당,한식,
1429,우도동식이,한식,
1430,우도돼지네 땅콩만두,한식,
1431,우도향,한식,
1432,우리동네숯불갈비,한식,
1433,우리두리식당,한식,
1434,웃뜨르우리돼지,한식,
1435,웅담식당,한식,
1436,원당골,한식,
1437,원항아리칼국수보쌈,한식,
1438,월령203,한식,
1439,유심이감성찜닭,한식,
1440,육갑봉,한식,
1441,육값하네식육가든,한식,
1442,은혜전복,한식,
1443,이가전복,한식,
1444,이게밥도둑,한식,
1445,이맛,한식,
1446,이오리,한식,
1447,인풍감자탕,한식,
1448,일오삼가든,한식,
1449,일출왕뚝배기,한식,
1450,일탈흑돼지,한식,
1451,정가네 밥상,한식,
1452,정순화손두부,한식,
1453,제주기정떡,한식,
1454,제주담,한식,
1455,제주돌담촌,한식,
1456,제주맛촌본점,한식,
1457,제주복돈,한식,
1458,제주분식,한식,
1459,제주올레섬,한식,
1460,제주웅담,한식,
1461,제주정,한식,
1462,조가네갑오징어 신제주점,한식,
1463,조마루뼈다귀서귀포점,한식,
1464,중문랜드프리미엄뷔페,한식,
1465,중문수원음식점,한식,
1466,지꺼진밥상,한식,
1467,지중해그릴,한식,
1468,진부령 황태해장국,한식,
1469,쫑이네해산물,한식,
1470,차귀도놀빛바다,한식,
1471,착한집,한식,
1472,참이쁜돼지,한식,
1473,창훈이네,한식,
1474,창흥식당,한식,
1475,천제연토속음식점,한식,
1476,천지연해물전복뚝배기,한식,
1477,천하대장군,한식,
1478,청정고을식당,한식,
1479,체면,한식,
1480,추가네,한식,
1481,추억의 집,한식,
1482,춘미향 식당,한식,
1483,친구네 분식,한식,
1484,코끼리통닭,한식,
1485,키친그듸,한식,
1486,탐라 뚝배기,한식,
1487,탐라가든,한식,
1488,탐라반상,한식,
1489,탐라흑돼지,한식,
1490,토계정,한식,
1491,토담골,한식,
1492,파도소리해녀촌,한식,
1493,포차,한식,
1494,푸주옥도남점,한식,
1495,하나로국밥,한식,
1496,하누가물애,한식,
1497,하늘채가든,한식,
1498,하우스142,한식,
1499,하원가흑돼지,한식,
1500,하효살롱,한식,
1501,하효소머리국밥,한식,
1502,한라네 김밥,한식,
1503,한라성,한식,
1504,한밭식당,한식,
1505,한양식당,한식,
1506,할매추어탕,한식,
1507,함덕찜,한식,
1508,해마루,한식,
1509,해변가든(켄싱턴리조트),한식,
1510,해오름정육식당,한식,
1511,해와달그리고섬,한식,
1512,해운대가든,한식,
1513,해월향,한식,
1514,해적선,한식,
1515,현경식당,한식,
1516,현기네식당,한식,
1517,협재국수가게(구 청산식당),한식,
1518,협재칼치,한식,
1519,호랑이해장국,한식,
1520,홍도니,한식,
1521,홍삼흑돼지,한식,
1522,홍어일번지,한식,
1523,화북코끼리식당,한식,
1524,황금섬숯불갈비,한식,
1525,황원갈비,한식,
1526,후년하우스,한식,
1527,흑염소마루,한식,
1528,스카이 온 파이브 다이닝,양식,
1529,섬소나이,양식,
1530,요리하는 목수,양식,
1531,쉬림프박스,양식,
1532,피어22,양식,
1533,성산회관,양식,
1534,빨간모자마법사,양식,
1535,양가형제,양식,
1536,웅스키친,양식,
1537,코코마마,양식,
1538,연화키친,양식,
1539,더파크뷰(신라호텔),양식,
1540,랜딩 다이닝(Landing dining),양식,
1541,젠하이드어웨이,양식,
1542,치저스,양식,
1543,88버거,양식,
1544,허파곶자왈화덕피자,양식,
1545,보스코화덕피자,양식,
1546,어부피자,양식,
1547,파파야 수제버거,양식,
1548,퍼시픽 리솜 엘마리노 뷔페,양식,
1549,피자굽는돌하르방,양식,
1550,핀크스 비오토피아,양식,
1551,글라글라하와이,양식,
1552,종종캐주얼다이닝,양식,
1553,jival 지발,양식,
1554,달잠키친,양식,
1555,도다모,양식,
1556,모디카,양식,
1557,비포크비스트로,양식,
1558,섭지향,양식,
1559,윌라라,양식,
1560,제니스브레드,양식,
1561,주르레식당,양식,
1562,쭈니창고,양식,
1563,타코마씸,양식,
1564,파니야그릴,양식,
1565,피제리아3657,양식,
1566,하도리1091,양식,
1567,허브팜카페,양식,
1568,73st,양식,
1569,COOK FATHER(쿡파더),양식,
1570,ROAD129(로드129),양식,
1571,고메아일랜드,양식,
1572,곤경에빠진버거,양식,
1573,그리다시카고피자&파스타,양식,
1574,그림상회화덕피자,양식,
1575,달콤한휴식,양식,
1576,달테이블,양식,
1577,데미안,양식,
1578,델리지아레스토랑,양식,
1579,도나토스,양식,
1580,루스트플레이스 노형점,양식,
1581,마므레,양식,
1582,마초그릴,양식,
1583,메리앤폴,양식,
1584,몬떼마레,양식,
1585,복여네왕돈가스,양식,
1586,빌레왓,양식,
1587,사려니숲길화덕피자,양식,
1588,소울키친,양식,
1589,송악산 엉클스 화덕 피자,양식,
1590,쇼밥,양식,
1591,아모르키친,양식,
1592,애월리안,양식,
1593,오데뜨,양식,
1594,저스트쉬림프,양식,
1595,제주중문수제맥주,양식,
1596,춘희,양식,
1597,컬쳐드,양식,
1598,코코리파이프,양식,
1599,킴스커틀렛,양식,
1600,텐피자,양식,
1601,하와이새우트럭,양식,
1602,1950하우스,양식,
1603,곰마에그,양식,
1604,그랜드 키친,양식,
1605,그리다앤쿡,양식,
1606,그릴데미그라스,양식,
1607,다이노바이트 샌드위치,양식,
1608,디 아일렛 라운지,양식,
1609,라 아바나,양식,
1610,라스또르따스,양식,
1611,라포레사려니,양식,
1612,루스트플레이스 베라체점,양식,
1613,루스트플레이스 삼화점,양식,
1614,루스트플레이스 서귀포점,양식,
1615,루스트플레이스 시청점,양식,
1616,루스트플레이스 아라점,양식,
1617,루스트플레이스 아이파크점,양식,
1618,루스트플레이스 외도점,양식,
1619,루스트플레이스 제원점,양식,
1620,루스트플레이스 칠성로점,양식,
1621,마농,양식,
1622,마레벤또,양식,
1623,몬스터살롱,양식,
1624,바람이풀에그림그린날,양식,
1625,바온탑,양식,
1626,버거307,양식,
1627,번개피자,양식,
1628,베지그랑,양식,
1629,봉플라봉뱅,양식,
1630,부스타코,양식,
1631,부엌인세화,양식,
1632,부자식당,양식,
1633,비올레제주,양식,
1634,빅토리아,양식,
1635,샤라의정원,양식,
1636,섬마을청년회관,양식,
1637,세러데이아일랜드,양식,
1638,스테이크 하우스,양식,
1639,시나르,양식,
1640,신스버거,양식,
1641,신화테라스,양식,
1642,써니사이드비치,양식,
1643,아따블르,양식,
1644,애월바베,양식,
1645,오조파스타앤피자,양식,
1646,윌라라,양식,
1647,지꺼진밥상,양식,
1648,카페 8,양식,
1649,탐라화덕피자,양식,
1650,탭룸3029,양식,
1651,텍시아,양식,
1652,팜스테이블,양식,
1653,포트그릴 스테이크하우스,양식,
1654,피노,양식,
1655,피자아일랜드,양식,
1656,하례정원,양식,
1657,호끌락다락,양식,
1658,흑돼지돈까스 뷔페 밀라네사,양식,
1659,수우동,일식,
1660,미친부엌,일식,
1661,사형제횟집,일식,
1662,만선식당,일식,
1663,스시호시카이,일식,
1664,갓포하루,일식,
1665,쌍둥이횟집본점,일식,
1666,그리운바다성산포,일식,
1667,미영이네식당,일식,
1668,바다풍경횟집,일식,
1669,삼다도횟집,일식,
1670,황금손가락,일식,
1671,남경미락,일식,
1672,모루쿠다,일식,
1673,올레수산회센터,일식,
1674,우수미회센타,일식,
1675,얌얌돈까스,일식,
1676,연동마라도횟집,일식,
1677,초밥군커피씨,일식,
1678,2093하우스,일식,
1679,나원횟집,일식,
1680,남또리,일식,
1681,마쇼,일식,
1682,만원의행복,일식,
1683,미나식탁,일식,
1684,보목해녀의집,일식,
1685,봉you,일식,
1686,올래어촌,일식,
1687,제주올레횟집,일식,
1688,채원일식,일식,
1689,강해일횟집,일식,
1690,고고리식당,일식,
1691,광원,일식,
1692,남양수산,일식,
1693,남해횟집,일식,
1694,도토리키친,일식,
1695,동해미락,일식,
1696,레드썬셋,일식,
1697,모리노아루요,일식,
1698,바다어사또,일식,
1699,백사장횟집(백사장회센터),일식,
1700,소라횟집,일식,
1701,쉐프 이야기,일식,
1702,스시우다,일식,
1703,승범이네집,일식,
1704,어멍횟집,일식,
1705,어전횟집,일식,
1706,오동여식당,일식,
1707,용림식당,일식,
1708,우정횟집,일식,
1709,월척수산,일식,
1710,중문자연산횟집,일식,
1711,협재삼춘네횟집,일식,
1712,겐짱야,일식,
1713,경주네횟집,일식,
1714,고로케야,일식,
1715,나까무라,일식,
1716,노조미,일식,
1717,다람쥐 식탁,일식,
1718,다미진,일식,
1719,다미회,일식,
1720,대포횟집,일식,
1721,독도참치,일식,
1722,레이식당,일식,
1723,만부정,일식,
1724,만선바다,일식,
1725,문쏘,일식,
1726,보틀앤볼,일식,
1727,봉끄랑횟집,일식,
1728,사방팔방,일식,
1729,사수만수횟집,일식,
1730,사이카레,일식,
1731,삼바리회센타,일식,
1732,서귀포바당물회,일식,
1733,서바당횟집,일식,
1734,세이슌,일식,
1735,세이슌 칠성로점,일식,
1736,소길역,일식,
1737,스시마시,일식,
1738,신우성타운,일식,
1739,아싸횟집,일식,
1740,어림향,일식,
1741,우림일식,일식,
1742,우정회센타,일식,
1743,운해횟집,일식,
1744,위미항활어회센터,일식,
1745,유메,일식,
1746,유메야마,일식,
1747,이노우에스시,일식,
1748,이돈갓시청점,일식,
1749,이찌마루,일식,
1750,잇칸시타,일식,
1751,자리돔횟집,일식,
1752,제일식당,일식,
1753,제주광어씨푸드레스토랑 표선점,일식,
1754,제주침시술소바 (오로라식품),일식,
1755,종달리엔 엄마식당,일식,
1756,진미명가식당,일식,
1757,촵촵,일식,
1758,쿡이야,일식,
1759,털보네 고양이,일식,
1760,하몽인제주,일식,
1761,황금무지개,일식,
1762,황금어장,일식,
1763,르쉬느아 (Le Chinois),중식,
1764,레드팬더,중식,
1765,아시안 푸드 스트리트,중식,
1766,철가방을든해녀,중식,
1767,가파도해물짜장짬뽕,중식,
1768,비바리짬뽕,중식,
1769,재복헌훠궈,중식,
1770,짬뽕에취한날,중식,
1771,다래향,중식,
1772,덕성원,중식,
1773,도두반점,중식,
1774,우도아름다운소풍,중식,
1775,중식당 청,중식,
1776,탕궁훠궈,중식,
1777,마라도에서온자장면집,중식,
1778,마라도해녀촌짜장,중식,
1779,보영반점,중식,
1780,산호풍경,중식,
1781,아서원,중식,
1782,다래향2호점,중식,
1783,대관원,중식,
1784,동북왕,중식,
1785,동해루,중식,
1786,딤섬9898,중식,
1787,로이앤메리,중식,
1788,마라도별장식당,중식,
1789,민봉태중화요리,중식,
1790,산호반점,중식,
1791,성화정,중식,
1792,수타명가,중식,
1793,신짜장,중식,
1794,심봉사눈뜬톳해물짜장짬뽕,중식,
1795,원조마라도짜장면,중식,
1796,제주 핫팟,중식,
1797,준반점,중식,
1798,중화요리 사해방,중식,
1799,짜장면시키신분 마라점,중식,
1800,차이나 하우스,중식,
1801,추자북경,중식,
1802,환상의짜장,중식,
1803,황궁쟁반탐라원,중식,
1804,톰톰카레,동남아식,
1805,메콩스카이,동남아식,
1806,타이웍,동남아식,
1807,파니야그릴,동남아식,
1808,하노이안브라더스,동남아식,
1809,대성쌀국수,동남아식,
1810,리틀비엣,동남아식,
1811,몬스테라 자구리,동남아식,
1812,블루사이공,동남아식,
1813,에이스쌀국수,동남아식,
1814,타무라,동남아식,
1815,아살람레스토랑,무슬람 친화,
1816,와르다레스토랑,무슬람 친화,
1817,라지마할,무슬람 친화,
1818,바다잔치,무슬람 친화,
1819,바다풍경,무슬람 친화,
1820,대원가,무슬람 친화,
1821,바그다드,무슬람 친화,
1822,춘심이네,무슬람 친화,
1823,라마다프라자제주호텔 더블루뷔페레스토랑,무슬람 친화,
1824,라마다프라자제주호텔 한식당 탐모라,무슬람 친화,
1825,나니아 레스토랑,무슬람 친화,
1826,제주뚝배기,무슬람 친화,
1827,러빙헛제주,무슬람 친화,
1828,윌라라,무슬람 친화,
1829,성산보말죽칼국수,무슬람 친화,
1830,해촌,무슬람 친화,
1831,김명자굴국밥(제주본점),무슬람 친화,
1832,청운식당,무슬람 친화,
1833,제주랑,무슬람 친화,
1834,용두암바당회국수,무슬람 친화,
1835,제주대게회타운,무슬람 친화,
1836,코코마마,무슬람 친화,
1837,코코마마 성산점,무슬람 친화,
1838,봄날카페,카페,
1839,몽상드애월(몽상),카페,
1840,서연의집(영화 건축학개론),카페,
1841,리치망고,카페,
1842,카페공작소,카페,
1843,하하호호(HAHAHOHO),카페,
1844,우유부단,카페,
1845,델문도,카페,
1846,테라로사,카페,
1847,마노르블랑,카페,
1848,카페콜라,카페,
1849,키친오즈,카페,
1850,구좌상회,카페,
1851,애월더선셋,카페,
1852,지미스,카페,
1853,앤트러사이트,카페,
1854,우도왕자이야기,카페,
1855,바다다,카페,
1856,망고레이,카페,
1857,바보카페,카페,
1858,월정리로와,카페,
1859,카페마니,카페,
1860,풍림다방,카페,
1861,블랑로쉐,카페,
1862,치치퐁,카페,
1863,살롱드라방 SALON de LAVANT,카페,
1864,카페세바,카페,
1865,비어라운드(Be around),카페,
1866,유동커피,카페,
1867,명당양과,카페,
1868,바당봉봉,카페,
1869,아뜰리에 제주명월,카페,
1870,월정리에서브런치,카페,
1871,꿈꾸는 흰당나귀,카페,
1872,닐모리동동,카페,
1873,라붕제주 cafe,카페,
1874,메종드쁘띠푸루,카페,
1875,바람벽에흰당나귀,카페,
1876,에스프레소 라운지,카페,
1877,쪼끌락,카페,
1878,덕인당보리빵,카페,
1879,마마롱(애월),카페,
1880,망고홀릭 제주본점,카페,
1881,와랑와랑카페,카페,
1882,지금이순간,카페,
1883,카이로스,카페,
1884,카페쉼표,카페,
1885,북촌에가면,카페,
1886,쌀다방,카페,
1887,아라파파 a la papa,카페,
1888,카페태희,카페,
1889,노을언덕,카페,
1890,레이지박스,카페,
1891,리치망고우도점,카페,
1892,버터모닝,카페,
1893,봉끄랑,카페,
1894,안녕육지사람,카페,
1895,제주다음,카페,
1896,호박다방,카페,
1897,대수길다방,카페,
1898,바다는안보여요,카페,
1899,새콤달콤,카페,
1900,쓰담뜨담,카페,
1901,와토커피,카페,
1902,우드스탁,카페,
1903,인더오조,카페,
1904,제스피,카페,
1905,제주감귤호떡집,카페,
1906,카페 사우다드,카페,
1907,카페루시아,카페,
1908,피노키오,카페,
1909,귤꽃,카페,
1910,대니스카페,카페,
1911,문어빵굽는문빵9,카페,
1912,미엘드세화,카페,
1913,숨비나리카페,카페,
1914,아이스크림연구소(올레시장점),카페,
1915,아이스크림연구소(우도점),카페,
1916,알라스카인제주,카페,
1917,엠 라운지 M Lounge,카페,
1918,우도에서썸타,카페,
1919,유람위드북스,카페,
1920,제주유랑(푸드트럭),카페,
1921,카페동네,카페,
1922,카페동백,카페,
1923,카페숑,카페,
1924,카페오름,카페,
1925,티나케이크,카페,
1926,하우스레서피,카페,
1927,헤이브라더,카페,
1928,간이옥돔역,카페,
1929,그러므로,카페,
1930,나나이로 아코제주,카페,
1931,다육이풍경,카페,
1932,달사막,카페,
1933,달자카페,카페,
1934,마로니에 미니골프카페,카페,
1935,명품한라봉아이스크림,카페,
1936,바다위에코끼리,카페,
1937,블리케이크,카페,
1938,빵장수단팥빵,카페,
1939,신산리마을카페,카페,
1940,아일랜드팩토리,카페,
1941,어반르토아,카페,
1942,우도몬딱,카페,
1943,우도씨,카페,
1944,제스토리,카페,
1945,제주맥주,카페,
1946,카페 깡,카페,
1947,카페 도두,카페,
1948,카페리(CAFERI),카페,
1949,카페앤드효은양갱,카페,
1950,카페피크닉(르피크닉),카페,
1951,카페희상,카페,
1952,테이크파이브재즈클럽,카페,
1953,평대랑 그네랑,카페,
1954,피시야 카페,카페,
1955,73st,카페,
1956,건달다방,카페,
1957,구름물고기,카페,
1958,꾸까카페,카페,
1959,날것,카페,
1960,달아래팥,카페,
1961,돌미롱,카페,
1962,또또시,카페,
1963,띠띠빵빵,카페,
1964,레드브라운,카페,
1965,레터스 투 시리얼,카페,
1966,로드3.7 (road3.7),카페,
1967,리솔라 무인카페,카페,
1968,마더카페,카페,
1969,망고레이 함덕점,카페,
1970,망고봉봉,카페,
1971,명월국민학교,카페,
1972,모래비카페,카페,
1973,모모제이,카페,
1974,모시란,카페,
1975,무인카페 산책,카페,
1976,벨로인카페,카페,
1977,벨롱,카페,
1978,보엠,카페,
1979,봉봉커피,카페,
1980,블랙포엠,카페,
1981,비양도 올레카페,카페,
1982,빌라드아토,카페,
1983,빠라빠빵,카페,
1984,스테이위드커피,카페,
1985,아뜰리에안,카페,
1986,아일랜드조르바,카페,
1987,아일랜드팩토리 풍류,카페,
1988,엉클망고,카페,
1989,에릭스에스프레소 카페,카페,
1990,에피소드,카페,
1991,엘리펀시아,카페,
1992,옐로우카페 (yellow cafe),카페,
1993,오드랑베이커리,카페,
1994,원앤온리,카페,
1995,웬드구니,카페,
1996,유스커피,카페,
1997,이성필 커피볶는집,카페,
1998,정봉자커피 봉개점,카페,
1999,제대가는길,카페,
2000,제주이야기,카페,
2001,카카듀,카페,
2002,카페백퍼,카페,
2003,카페소금,카페,
2004,카페이피엘,카페,
2005,카페코지,카페,
2006,카페콧수염,카페,
2007,카페헤밍웨이,카페,
2008,커피가게쉬고가게,카페,
2009,커피디셈버 함덕점,카페,
2010,키아스마,카페,
2011,팜알로하,카페,
2012,픽스커피,카페,
2013,하와유제주,카페,
2014,한라산빵 1950,카페,
2015,해적카페,카페,
2016,헬로우우도,카페,
2017,And유Café,카페,
2018,Jeju in aA카페,카페,
2019,가비오타카페,카페,
2020,가온해,카페,
2021,갈치 카페,카페,
2022,감저카페,카페,
2023,갤러리 라운지,카페,
2024,거기제주,카페,
2025,거인의 정원,카페,
2026,겹겹의 의도,카페,
2027,고마워토토 아뜰리에,카페,
2028,고망딱새,카페,
2029,공백,카페,
2030,곽지BAR다,카페,
2031,구닮카페(구름을닮다),카페,
2032,구면카페,카페,
2033,귤따고 레드향갈고,카페,
2034,긍정동커피,카페,
2035,까떼커피,카페,
2036,까미노,카페,
2037,꽃담팥집카페,카페,
2038,꽃밭에서,카페,
2039,꽃자리,카페,
2040,꽃향유,카페,
2041,나무카페,카페,
2042,낭만주의,카페,
2043,내창생태카페,카페,
2044,너는파라다이스길리,카페,
2045,넘버 138,카페,
2046,네이쳐캔바스,카페,
2047,노네임드봉개,카페,
2048,노을과 어울림 카페,카페,
2049,녹원전통찻집,카페,
2050,뉴저지카페,카페,
2051,달리다방,카페,
2052,달리맨,카페,
2053,달리북카페,카페,
2054,달빛머금은카페,카페,
2055,달에,카페,
2056,달페이지,카페,
2057,더 코브,카페,
2058,더로맨틱,카페,
2059,델리,카페,
2060,도리화과,카페,
2061,돌코롬봉봉,카페,
2062,돌코롬허니,카페,
2063,돌토고리족욕카페,카페,
2064,동구미,카페,
2065,디 아일렛 라운지,카페,
2066,딕시,카페,
2067,뚜르,카페,
2068,라쁠라주,카페,
2069,라운지 38,카페,
2070,랜딩 라운지,카페,
2071,로맨틱하드보일드,카페,
2072,로스터리카페 담담,카페,
2073,로치아 커피로스터스,카페,
2074,르에스까르고,카페,
2075,마실디,카페,
2076,마음카페,카페,
2077,마틸다,카페,
2078,망고홀릭 법환점,카페,
2079,망고홀릭 성산일출봉점,카페,
2080,매기의 추억,카페,
2081,맥파이 브루어리,카페,
2082,머문카페,카페,
2083,먹쿠슬낭여행자카페,카페,
2084,멘도롱 cafe,카페,
2085,모노클제주,카페,
2086,모리노코에,카페,
2087,모앙,카페,
2088,몽키비치클럽 Monkey Beach,카페,
2089,묘한상점 묘한카페,카페,
2090,무상찻집,카페,
2091,문어빵굽는 문빵9 서귀포올레시장,카페,
2092,미인계 카페,카페,
2093,바농,카페,
2094,바닐라파레트,카페,
2095,바라나시 책골목,카페,
2096,바람카페,카페,
2097,바위소리,카페,
2098,방듸,카페,
2099,베이비카페 어놀,카페,
2100,베이크샵스니프,카페,
2101,별난카페,카페,
2102,보노리미니,카페,
2103,볼스카페,카페,
2104,봉쉡망고,카페,
2105,봉주르마담,카페,
2106,부르네비어가든,카페,
2107,브릭스 제주,카페,
2108,브와두스,카페,
2109,블루메베이글,카페,
2110,블루밍제이,카페,
2111,블루하우스,카페,
2112,비자블라썸,카페,
2113,빠빠라기,카페,
2114,뽀요요 카페,카페,
2115,쁠랑뜨,카페,
2116,산책하우스,카페,
2117,새빌,카페,
2118,서홍정원,카페,
2119,섶섬지기,카페,
2120,세컨드밀,카페,
2121,소라의성,카페,
2122,솜반내풍경,카페,
2123,송당나무,카페,
2124,쇼디치카페,카페,
2125,수다브런치카페,카페,
2126,수망일기,카페,
2127,수제홍과일모찌,카페,
2128,수카사,카페,
2129,술도가제주바당,카페,
2130,숲속의작은집,카페,
2131,스노우빈,카페,
2132,스마일러 카페,카페,
2133,슬로우카페,카페,
2134,시스베이글,카페,
2135,시스터필드,카페,
2136,써니하우스 커피&핫도그,카페,
2137,쓰쓰카페,카페,
2138,씨리얼,카페,
2139,아꼬떼카페,카페,
2140,아줄레주,카페,
2141,안녕구움,카페,
2142,안트레,카페,
2143,알라스카인제주 용담점,카페,
2144,알라스카인제주 협재점,카페,
2145,앙뚜아네트 삼다수마을점,카페,
2146,앙뚜아네트 용담점,카페,
2147,앙뚜아네트 탑동점,카페,
2148,앙카페,카페,
2149,애프터글로우,카페,
2150,어머니빵집,카페,
2151,어피니티,카페,
2152,엉또산장,카페,
2153,에이팩토리 커피앤북스,카페,
2154,에프터글로우,카페,
2155,엠츄로,카페,
2156,여행가게,카페,
2157,오끼416갤러리,카페,
2158,오늘은 녹차한잔&쇼핑,카페,
2159,오르미,카페,
2160,오캄,카페,
2161,온미(溫米),카페,
2162,와팡,카페,
2163,요요무문,카페,
2164,우드노트,카페,
2165,우무(umu),카페,
2166,우유부단 크림공작소,카페,
2167,울트라마린,카페,
2168,원더먼트제주,카페,
2169,위더스트래블,카페,
2170,유기농커피 카페다,카페,
2171,유끼네,카페,
2172,유나카페,카페,
2173,이런날N,카페,
2174,이익새양과점,카페,
2175,잔디가미,카페,
2176,재게재게옵서 카페,카페,
2177,제니의 정원,카페,
2178,제리스펍,카페,
2179,제주그림카페,카페,
2180,제주돌창고,카페,
2181,제주본초협동조합,카페,
2182,제주샘주 영농협동조합,카페,
2183,제주와이너리,카페,
2184,제주의봄,카페,
2185,제주한치빵 우도점,카페,
2186,조아찌,카페,
2187,종이비행기,카페,
2188,종이시계 카페,카페,
2189,지상에 별두개,카페,
2190,지오아라,카페,
2191,질그랭이센터,카페,
2192,차귀놀,카페,
2193,차롱 해모루,카페,
2194,차마실,카페,
2195,차차신창,카페,
2196,채점석베이커리,카페,
2197,책다방,카페,
2198,초승달지대,카페,
2199,카페 베트로(CAFÉ VETRO),카페,
2200,카페 소바니,카페,
2201,카페 캐로타,카페,
2202,카페2085,카페,
2203,카페3535.1,카페,
2204,카페갤러리,카페,
2205,카페더몹시,카페,
2206,카페루나,카페,
2207,카페비글,카페,
2208,카페비몽,카페,
2209,카페선흘,카페,
2210,카페세렌디,카페,
2211,카페튼튼목공소,카페,
2212,카페하물,카페,
2213,카페힐스,카페,
2214,커먼브릭,카페,
2215,커피로카,카페,
2216,커피림,카페,
2217,커피먹는 고냉이,카페,
2218,커피앤빵,카페,
2219,커피주의보,카페,
2220,커피코알라,카페,
2221,커피파인더,카페,
2222,컴플리트커피,카페,
2223,컴홈,카페,
2224,코너스윗,카페,
2225,쿠싱 샌드위치,카페,
2226,킨포크,카페,
2227,탭하우스더코너,카페,
2228,토이다방,카페,
2229,토향,카페,
2230,파리바게뜨 성산일출봉점,카페,
2231,파리바게트 도남점,카페,
2232,파리바게트 애월,카페,
2233,파리바게트 제스코본점,카페,
2234,파스쿠찌 도남점,카페,
2235,파시랑,카페,
2236,팝업 플라자,카페,
2237,풍미독서,카페,
2238,플로렌스,카페,
2239,하비마카롱,카페,
2240,하빌리스,카페,
2241,한량2010,카페,
2242,함덕카페h,카페,
2243,해뜰,카페,
2244,허니문하우스,카페,
2245,호도제과,카페,
2246,홍요깃거리카페,카페,
2247,제주가좋아서 펜션,안전인증민박,
2248,제주해나루,안전인증민박,
2249,소풍(월정리),안전인증민박,
2250,코즈게스트하우스,안전인증민박,
2251,하이디펜션,안전인증민박,
2252,Oh! 세화! (오세화게스트하우스),안전인증민박,
2253,나무처럼 게스트하우스,안전인증민박,
2254,뚜르드제주게스트하우스,안전인증민박,
2255,섬타임즈,안전인증민박,
2256,언덕위에 빨간지붕,안전인증민박,
2257,우리희망이 게스트하우스,안전인증민박,
2258,초원게스트하우스,안전인증민박,
2259,협재해오름펜션,안전인증민박,
2260,521 게스트 하우스,안전인증민박,
2261,가비오타 펜션,안전인증민박,
2262,게스트하우스7,안전인증민박,
2263,다락마마,안전인증민박,
2264,뜨레향 펜션,안전인증민박,
2265,라신비,안전인증민박,
2266,마눌펜션,안전인증민박,
2267,밧돌 게스트하우스,안전인증민박,
2268,별마로펜션,안전인증민박,
2269,봉골레 하우스 민박,안전인증민박,
2270,블루마린,안전인증민박,
2271,빌라비하우스,안전인증민박,
2272,사랑터울,안전인증민박,
2273,성산아침노을펜션,안전인증민박,
2274,성산우리집 펜션,안전인증민박,
2275,솔민박,안전인증민박,
2276,아림민박,안전인증민박,
2277,아템파우제,안전인증민박,
2278,에바다라이더하우스.공방,안전인증민박,
2279,오름게스트하우스,안전인증민박,
2280,월정플레이스,안전인증민박,
2281,위미모루왓,안전인증민박,
2282,이안재,안전인증민박,
2283,제주디오빌,안전인증민박,
2284,제주사랑 펜션,안전인증민박,
2285,펜션 수망가라,안전인증민박,
2286,퐁낭하우스제주,안전인증민박,
2287,풍차와노을 독채펜션,안전인증민박,
2288,피디스테이션,안전인증민박,
2289,헌치 게스트하우스,안전인증민박,
2290,혼디,안전인증민박,
2291,신라호텔제주,관광호텔,
2292,롯데호텔 제주,관광호텔,
2293,히든클리프 호텔 앤 네이쳐,관광호텔,
2294,서귀포KAL호텔,관광호텔,
2295,씨에스호텔앤리조트,관광호텔,
2296,신라스테이 제주,관광호텔,
2297,라마다프라자제주호텔,관광호텔,
2298,롯데시티호텔제주,관광호텔,
2299,메종글래드 제주,관광호텔,
2300,제주부영호텔엔리조트,관광호텔,
2301,루스톤빌라앤호텔,관광호텔,
2302,제주KAL호텔,관광호텔,
2303,마레보 리조트,관광호텔,
2304,아름다운리조트,관광호텔,
2305,제주리조트,관광호텔,
2306,제주아이브리조트,관광호텔,
2307,더본 호텔,관광호텔,
2308,더포그레이스호텔앤리조트,관광호텔,
2309,랜딩관 제주신화월드 호텔앤리조트,관광호텔,
2310,베니키아 아이진호텔,관광호텔,
2311,베스트웨스턴제주호텔,관광호텔,
2312,블루하와이리조트,관광호텔,
2313,일레인호텔,관광호텔,
2314,제주인호텔,관광호텔,
2315,펄리플러스,관광호텔,
2316,플레이스 캠프 제주,관광호텔,
2317,더클라우드호텔,관광호텔,
2318,돈내코힐 리조트,관광호텔,
2319,미도호스텔,관광호텔,
2320,백패커스홈,관광호텔,
2321,베니키아호텔제주,관광호텔,
2322,서머셋 제주신화월드 호텔앤리조트,관광호텔,
2323,스위트호텔 제주,관광호텔,
2324,와이리조트 제주,관광호텔,
2325,제주WE호텔,관광호텔,
2326,펠리시아호텔,관광호텔,
2327,호텔레오,관광호텔,
2328,메리어트관 제주신화월드 호텔앤리조트,관광호텔,
2329,JAY&CHLOE,관광호텔,
2330,갤럭시호텔 제주,관광호텔,
2331,골든파크호텔,관광호텔,
2332,그랜드메르호텔,관광호텔,
2333,더베이리조트,관광호텔,
2334,동원리조트제주,관광호텔,
2335,디오션힐,관광호텔,
2336,라온호텔앤리조트,관광호텔,
2337,미라클게스트하우스,관광호텔,
2338,봄그리고가을호텔&리조트,관광호텔,
2339,브릭216,관광호텔,
2340,선샤인호텔,관광호텔,
2341,수앤수가족호텔,관광호텔,
2342,신화관 제주신화월드 호텔 앤 리조트,관광호텔,
2343,씨앤관광호텔,관광호텔,
2344,씨엘블루호텔,관광호텔,
2345,아인스호텔,관광호텔,
2346,제이드림호텔(jdream hotel),관광호텔,
2347,제주로얄호텔,관광호텔,
2348,제주마리나관광호텔,관광호텔,
2349,제주시드니호텔,관광호텔,
2350,제주썬호텔&카지노,관광호텔,
2351,제주엠리조트,관광호텔,
2352,제주오리엔탈호텔,관광호텔,
2353,중문스테이,관광호텔,
2354,토스카나호텔,관광호텔,
2355,통나무파크,관광호텔,
2356,파크 선샤인 제주,관광호텔,
2357,퍼시픽호텔,관광호텔,
2358,풍경호텔(풍경관광호텔),관광호텔,
2359,한라궁,관광호텔,
2360,호텔 스카이파크 제주1호점,관광호텔,
2361,호텔난타,관광호텔,
2362,흰수염고래리조트,관광호텔,
2363,BK호텔제주,관광호텔,
2364,JJ하우스,관광호텔,
2365,가산토방,관광호텔,
2366,그라벨호텔제주,관광호텔,
2367,그랜드 조선 제주,관광호텔,
2368,그림리조트,관광호텔,
2369,까사데비발디호텔,관광호텔,
2370,나비스호텔,관광호텔,
2371,뉴아일랜드호텔,관광호텔,
2372,다인리조트,관광호텔,
2373,다인오세아노 호텔,관광호텔,
2374,담앤루펜션리조트,관광호텔,
2375,더레드관광호텔,관광호텔,
2376,더블루제주,관광호텔,
2377,더비비스제주,관광호텔,
2378,더큐브리조트 제주,관광호텔,
2379,라벤다호텔,관광호텔,
2380,라자관광호텔,관광호텔,
2381,랑주호텔,관광호텔,
2382,런호텔,관광호텔,
2383,레지나팬션,관광호텔,
2384,로베로호텔,관광호텔,
2385,마린포트리조트,관광호텔,
2386,메이더호텔,관광호텔,
2387,모멘토호텔,관광호텔,
2388,바다해호텔,관광호텔,
2389,베니키아 중문호텔,관광호텔,
2390,부영CC관광호텔,관광호텔,
2391,브리즈베이호텔,관광호텔,
2392,블랙샌즈호텔,관광호텔,
2393,블루마운틴호텔,관광호텔,
2394,블루펄,관광호텔,
2395,비스타리조트,관광호텔,
2396,삼해인관광호텔,관광호텔,
2397,썬라이즈호텔,관광호텔,
2398,썬비치리조트,관광호텔,
2399,씨스테이호텔,관광호텔,
2400,씨제이 관광호텔,관광호텔,
2401,아모렉스리조트,관광호텔,
2402,아모르하우스,관광호텔,
2403,아스타호텔,관광호텔,
2404,아인피플호텔,관광호텔,
2405,에띠에리조트,관광호텔,
2406,에스호텔,관광호텔,
2407,에코그린리조트,관광호텔,
2408,엠버리조트,관광호텔,
2409,엠버호텔 센트럴,관광호텔,
2410,오렌지트리 호텔,관광호텔,
2411,오션그랜드호텔 (함덕),관광호텔,
2412,오션트리,관광호텔,
2413,올레관광호텔,관광호텔,
2414,올레요리조트,관광호텔,
2415,유니호텔제주,관광호텔,
2416,제니아호텔,관광호텔,
2417,제이앤클로이,관광호텔,
2418,제주 리치호텔,관광호텔,
2419,제주나인 부띠끄,관광호텔,
2420,제주스웨덴리조트펜션,관광호텔,
2421,제주팔레스호텔,관광호텔,
2422,제주펄관광호텔,관광호텔,
2423,제주하나호텔,관광호텔,
2424,제주항공우주호텔,관광호텔,
2425,제주휴리조트,관광호텔,
2426,중문빌리지,관광호텔,
2427,카이리조트,관광호텔,
2428,케이관광호텔제주,관광호텔,
2429,코델리아리조트,관광호텔,
2430,코자호텔,관광호텔,
2431,탑팰리스호텔,관광호텔,
2432,태흥리조트,관광호텔,
2433,테디밸리호텔,관광호텔,
2434,파미유스파리조트,관광호텔,
2435,파밀리아호텔,관광호텔,
2436,파인힐호텔,관광호텔,
2437,파크사이드호텔,관광호텔,
2438,팜밸리리조트,관광호텔,
2439,팜빌리지,관광호텔,
2440,패밀리아팬션,관광호텔,
2441,펜션 에덴호스텔,관광호텔,
2442,펜션연리,관광호텔,
2443,펠리스타운,관광호텔,
2444,프라이빗리조트,관광호텔,
2445,피노호텔,관광호텔,
2446,하니크라운호텔,관광호텔,
2447,해마관광호텔,관광호텔,
2448,해호텔,관광호텔,
2449,호텔 샬롬제주,관광호텔,
2450,호텔 스카브로,관광호텔,
2451,호텔더원,관광호텔,
2452,호텔빠레브,관광호텔,
2453,호텔아로하,관광호텔,
2454,호텔컬리넌제주,관광호텔,
2455,홍익제주호텔,관광호텔,
2456,화인호텔,관광호텔,
2457,휴마루리조트,관광호텔,
2458,씨에스호텔앤리조트,전통/가족호텔,
2459,마레보 리조트,전통/가족호텔,
2460,아름다운리조트,전통/가족호텔,
2461,더포그레이스호텔앤리조트,전통/가족호텔,
2462,베스트웨스턴제주호텔,전통/가족호텔,
2463,일레인호텔,전통/가족호텔,
2464,펄리플러스,전통/가족호텔,
2465,더클라우드호텔,전통/가족호텔,
2466,와이리조트 제주,전통/가족호텔,
2467,봄그리고가을호텔&리조트,전통/가족호텔,
2468,수앤수가족호텔,전통/가족호텔,
2469,토스카나호텔,전통/가족호텔,
2470,통나무파크,전통/가족호텔,
2471,그림리조트,전통/가족호텔,
2472,다인리조트,전통/가족호텔,
2473,담앤루펜션리조트,전통/가족호텔,
2474,브리즈베이호텔,전통/가족호텔,
2475,아모렉스리조트,전통/가족호텔,
2476,아인피플호텔,전통/가족호텔,
2477,제주 리치호텔,전통/가족호텔,
2478,중문빌리지,전통/가족호텔,
2479,코델리아리조트,전통/가족호텔,
2480,파미유스파리조트,전통/가족호텔,
2481,호텔아로하,전통/가족호텔,
2482,홍익제주호텔,전통/가족호텔,
2483,제주리조트,호스텔/소형호텔,
2484,제주아이브리조트,호스텔/소형호텔,
2485,돈내코힐 리조트,호스텔/소형호텔,
2486,미도호스텔,호스텔/소형호텔,
2487,백패커스홈,호스텔/소형호텔,
2488,펠리시아호텔,호스텔/소형호텔,
2489,JAY&CHLOE,호스텔/소형호텔,
2490,더베이리조트,호스텔/소형호텔,
2491,디오션힐,호스텔/소형호텔,
2492,미라클게스트하우스,호스텔/소형호텔,
2493,브릭216,호스텔/소형호텔,
2494,제주시드니호텔,호스텔/소형호텔,
2495,제주엠리조트,호스텔/소형호텔,
2496,중문스테이,호스텔/소형호텔,
2497,한라궁,호스텔/소형호텔,
2498,흰수염고래리조트,호스텔/소형호텔,
2499,JJ하우스,호스텔/소형호텔,
2500,가산토방,호스텔/소형호텔,
2501,까사데비발디호텔,호스텔/소형호텔,
2502,나비스호텔,호스텔/소형호텔,
2503,더블루제주,호스텔/소형호텔,
2504,더비비스제주,호스텔/소형호텔,
2505,라벤다호텔,호스텔/소형호텔,
2506,런호텔,호스텔/소형호텔,
2507,레지나팬션,호스텔/소형호텔,
2508,마린포트리조트,호스텔/소형호텔,
2509,모멘토호텔,호스텔/소형호텔,
2510,바다해호텔,호스텔/소형호텔,
2511,블루펄,호스텔/소형호텔,
2512,비스타리조트,호스텔/소형호텔,
2513,썬라이즈호텔,호스텔/소형호텔,
2514,썬비치리조트,호스텔/소형호텔,
2515,씨스테이호텔,호스텔/소형호텔,
2516,아모르하우스,호스텔/소형호텔,
2517,에띠에리조트,호스텔/소형호텔,
2518,에코그린리조트,호스텔/소형호텔,
2519,엠버리조트,호스텔/소형호텔,
2520,오렌지트리 호텔,호스텔/소형호텔,
2521,오션트리,호스텔/소형호텔,
2522,올레요리조트,호스텔/소형호텔,
2523,제이앤클로이,호스텔/소형호텔,
2524,제주나인 부띠끄,호스텔/소형호텔,
2525,제주스웨덴리조트펜션,호스텔/소형호텔,
2526,제주휴리조트,호스텔/소형호텔,
2527,카이리조트,호스텔/소형호텔,
2528,코자호텔,호스텔/소형호텔,
2529,태흥리조트,호스텔/소형호텔,
2530,파밀리아호텔,호스텔/소형호텔,
2531,팜밸리리조트,호스텔/소형호텔,
2532,팜빌리지,호스텔/소형호텔,
2533,패밀리아팬션,호스텔/소형호텔,
2534,펜션 에덴호스텔,호스텔/소형호텔,
2535,펜션연리,호스텔/소형호텔,
2536,펠리스타운,호스텔/소형호텔,
2537,프라이빗리조트,호스텔/소형호텔,
2538,피노호텔,호스텔/소형호텔,
2539,휴마루리조트,호스텔/소형호텔,
2540,틸다하우스,휴양펜션,
2541,르페도라,휴양펜션,
2542,예이츠산장,휴양펜션,
2543,제주 에코 스위츠 펜션,휴양펜션,
2544,제주해안휴양펜션(제주해안펜션),휴양펜션,
2545,끄라비펜션,휴양펜션,
2546,소랑호젠,휴양펜션,
2547,솔바람풍경소리펜션,휴양펜션,
2548,굿데이 펜션,휴양펜션,
2549,길섶나그네펜션,휴양펜션,
2550,꿈꾸는 노마드,휴양펜션,
2551,노블렛휴양펜션,휴양펜션,
2552,더갤러리펜션,휴양펜션,
2553,돌꽃펜션,휴양펜션,
2554,라이온힐펜션,휴양펜션,
2555,라파로마휴양펜션,휴양펜션,
2556,산방산에펜션,휴양펜션,
2557,썬레이크빌제주,휴양펜션,
2558,애월애휴양펜션,휴양펜션,
2559,예다움휴양펜션,휴양펜션,
2560,오랑제리펜션,휴양펜션,
2561,이린펜션,휴양펜션,
2562,제주 스카이라인 휴양펜션,휴양펜션,
2563,제주목화휴양펜션,휴양펜션,
2564,제주빌레성 통나무휴양펜션,휴양펜션,
2565,제주신신휴양펜션,휴양펜션,
2566,제주통나무휴양펜션,휴양펜션,
2567,제주펜션오다,휴양펜션,
2568,중문통나무휴양펜션,휴양펜션,
2569,포유펜션,휴양펜션,
2570,폴라리스인제주,휴양펜션,
2571,하늘조각,휴양펜션,
2572,해담은스파빌,휴양펜션,
2573,해마지펜션,휴양펜션,
2574,허브인휴양펜션,휴양펜션,
2575,해비치호텔앤드리조트,휴양콘도,
2576,휘닉스 제주 섭지코지,휴양콘도,
2577,대명리조트 제주,휴양콘도,
2578,금호리조트제주,휴양콘도,
2579,켄싱턴리조트 제주 한림점,휴양콘도,
2580,롯데리조트아트빌라스,휴양콘도,
2581,한화리조트 제주,휴양콘도,
2582,대명 샤인빌리조트,휴양콘도,
2583,디아넥스 호텔,휴양콘도,
2584,베이힐 풀앤빌라,휴양콘도,
2585,블랙스톤리조트,휴양콘도,
2586,동양콘도,휴양콘도,
2587,레이크힐스 제주 리조트,휴양콘도,
2588,루체빌리조트,휴양콘도,
2589,스프링데일골프앤리조트,휴양콘도,
2590,씨사이드아덴,휴양콘도,
2591,제주토비스콘도,휴양콘도,
2592,중문훼미리리조트,휴양콘도,
2593,캠퍼트리호텔앤리조트,휴양콘도,
2594,켄싱턴리조트 서귀포,휴양콘도,
2595,타미우스골프앤빌리지,휴양콘도,
2596,폴에이리조트,휴양콘도,
2597,오션스위츠호텔 제주,일반숙박,
2598,오션스퀘어,일반숙박,
2599,하워드존슨 제주 연동 호텔,일반숙박,
2600,포도호텔,일반숙박,
2601,라마다 제주 함덕 호텔,일반숙박,
2602,라마다 제주시티호텔,일반숙박,
2603,슴게스트하우스 제주공항점,일반숙박,
2604,엠스테이호텔,일반숙박,
2605,제주알호텔(R호텔),일반숙박,
2606,호텔 리젠트마린,일반숙박,
2607,JK라마다앙코르 제주연동호텔,일반숙박,
2608,그린트리인서귀포호텔,일반숙박,
2609,라림부띠끄호텔,일반숙박,
2610,루미수다게스트하우스,일반숙박,
2611,밸류호텔 서귀포(VALUE HOTEL Seogwipo JS),일반숙박,
2612,야스라기펜션,일반숙박,
2613,유앤아이게스트하우스,일반숙박,
2614,제주엘루이호텔,일반숙박,
2615,호스텔린든(Hostel lyndon),일반숙박,
2616,휘슬락호텔,일반숙박,
2617,IGH펜션,일반숙박,
2618,UTS제주골프빌리지,일반숙박,
2619,가이아호텔,일반숙박,
2620,골든튤립 제주 성산호텔,일반숙박,
2621,뉴그린모텔,일반숙박,
2622,뉴아일랜드민박,일반숙박,
2623,뉴제주호텔,일반숙박,
2624,늘송파크텔,일반숙박,
2625,다이아몬드 호텔,일반숙박,
2626,달콤한소금만들기,일반숙박,
2627,데이즈호텔 제주서귀포오션,일반숙박,
2628,도일모텔,일반숙박,
2629,돌집조앤정,일반숙박,
2630,디셈버호텔,일반숙박,
2631,라마다 앙코르 서귀포 이스트 호텔,일반숙박,
2632,레몬트리게스트하우스,일반숙박,
2633,로그밸리,일반숙박,
2634,루시드엠,일반숙박,
2635,메이저호텔,일반숙박,
2636,미도모텔,일반숙박,
2637,미르빌펜션,일반숙박,
2638,민중각 게스트하우스,일반숙박,
2639,바랑쉬게스트하우스,일반숙박,
2640,밸류호텔 월드와이드 제주,일반숙박,
2641,베누스무인텔,일반숙박,
2642,브라운 스위트 제주 호텔 & 리조트,일반숙박,
2643,비앤비호텔,일반숙박,
2644,비지터게스트하우스,일반숙박,
2645,스마일모텔,일반숙박,
2646,스위트모텔,일반숙박,
2647,스카이리더스호텔,일반숙박,
2648,스토리인제주게스트하우스,일반숙박,
2649,신강남모텔,일반숙박,
2650,아이존호텔,일반숙박,
2651,아트모텔,일반숙박,
2652,에이티눈호텔,일반숙박,
2653,에쿠스모텔,일반숙박,
2654,여정여관,일반숙박,
2655,예하게스트하우스,일반숙박,
2656,올레스테이,일반숙박,
2657,올레해오름펜션,일반숙박,
2658,유탑유블레스호텔,일반숙박,
2659,제주도통나무펜션,일반숙박,
2660,제주마실게스트하우스,일반숙박,
2661,제주메이플호텔,일반숙박,
2662,제주포시즌호텔,일반숙박,
2663,체이슨호텔 더 리드,일반숙박,
2664,체이슨호텔 더 스마일,일반숙박,
2665,추자바다25시,일반숙박,
2666,콤마게스트하우스,일반숙박,
2667,킹스통나무,일반숙박,
2668,태흥여관,일반숙박,
2669,호텔 더블유 신제주점(hotel W),일반숙박,
2670,호텔더블유 탑동점,일반숙박,
2671,호텔엘린,일반숙박,
2672,호텔제이엠,일반숙박,
2673,황재여관,일반숙박,
2674,제주하이킹 INN(구덕게스트하우스),생활숙박,
2675,건축학개론펜션,생활숙박,
2676,미소게스트하우스,생활숙박,
2677,밸류호텔 서귀포(VALUE HOTEL Seogwipo JS),생활숙박,
2678,북촌플레이스,생활숙박,
2679,소랑풀빌라,생활숙박,
2680,제주 오션팰리스 호텔,생활숙박,
2681,통나무파크,생활숙박,
2682,골든튤립 제주 성산호텔,생활숙박,
2683,그린나래,생활숙박,
2684,나인스파빌,생활숙박,
2685,라오체리조트,생활숙박,
2686,보물섬,생활숙박,
2687,브라운 스위트 제주 호텔 & 리조트,생활숙박,
2688,엘쯔타운펜션,생활숙박,
2689,이야기별방,생활숙박,
2690,제주가온29,생활숙박,
2691,조이랜드펜션,생활숙박,
2692,호텔서귀피안,생활숙박,
2693,나미송 머무는 곳,농어촌민박,
2694,제주조천스위스마을게스트하우스,농어촌민박,
2695,비젠빌리지,농어촌민박,
2696,제주도푸른산푸른바다,농어촌민박,
2697,제주도푸른바다,농어촌민박,
2698,캠핑트리펜션,농어촌민박,
2699,객의하우스,농어촌민박,
2700,수상한소금밭게스트하우스,농어촌민박,
2701,달달하우스,농어촌민박,
2702,inn jeju 인제주 게스트하우스,농어촌민박,
2703,제주가좋아서 펜션,농어촌민박,
2704,나날 게스트하우스,농어촌민박,
2705,제주bp게스트하우스 JEJU BP GUESTHOUSE,농어촌민박,
2706,빠담빠담게스트하우스,농어촌민박,
2707,우도사랑,농어촌민박,
2708,제주해나루,농어촌민박,
2709,활엽수 게스트하우스,농어촌민박,
2710,꽃하루방게스트하우스,농어촌민박,
2711,메종드오조락,농어촌민박,
2712,범섬풍경,농어촌민박,
2713,서귀포푸른바다,농어촌민박,
2714,아이비테라스,농어촌민박,
2715,야호비치하우스,농어촌민박,
2716,제주양떼목장,농어촌민박,
2717,꿈꾸는섬 게스트하우스,농어촌민박,
2718,유월그리고열두마루,농어촌민박,
2719,이디하우스n카페,농어촌민박,
2720,하도리일번지,농어촌민박,
2721,게으른소나기,농어촌민박,
2722,구름밭하우스,농어촌민박,
2723,내도바당펜션,농어촌민박,
2724,넙빌레하우스,농어촌민박,
2725,노낭게스트하우스,농어촌민박,
2726,단추스테이 단추숲,농어촌민박,
2727,동박생이,농어촌민박,
2728,두베하우스,농어촌민박,
2729,뒹글하우스,농어촌민박,
2730,드헤브펜션,농어촌민박,
2731,라포즈,농어촌민박,
2732,루시드봉봉,농어촌민박,
2733,몽돌바당,농어촌민박,
2734,봉쟈 게스트하우스,농어촌민박,
2735,뽀요요펜션,농어촌민박,
2736,소소게스트하우스,농어촌민박,
2737,연이네다락방 게스트하우스,농어촌민박,
2738,이런날엔,농어촌민박,
2739,제주락,농어촌민박,
2740,제주바다펜션,농어촌민박,
2741,제주샘모루펜션,농어촌민박,
2742,제주에살다,농어촌민박,
2743,제주카사블랑카펜션,농어촌민박,
2744,초,농어촌민박,
2745,코시롱게스트하우스,농어촌민박,
2746,코즈게스트하우스,농어촌민박,
2747,포구민박,농어촌민박,
2748,표선이레하우스,농어촌민박,
2749,하바나블루스,농어촌민박,
2750,하이디펜션,농어촌민박,
2751,Oh! 세화! (오세화게스트하우스),농어촌민박,
2752,UncleBORO게스트하우스,농어촌민박,
2753,가까이에파도소리,농어촌민박,
2754,게스트하우스 클럽 제이제이,농어촌민박,
2755,고망난돌민박가든,농어촌민박,
2756,나무사이로햇살이,농어촌민박,
2757,나무처럼 게스트하우스,농어촌민박,
2758,난드르통나무집,농어촌민박,
2759,남촌풀하우스,농어촌민박,
2760,노을과어울림,농어촌민박,
2761,단빌리지게스트하우스,농어촌민박,
2762,단추스테이,농어촌민박,
2763,더들집,농어촌민박,
2764,도시락게스트하우스,농어촌민박,
2765,또랑게스트하우스,농어촌민박,
2766,뚜르드제주게스트하우스,농어촌민박,
2767,레프트핸더 게스트하우스,농어촌민박,
2768,로뎀펜션,농어촌민박,
2769,리치망고펜션,농어촌민박,
2770,마니주팬션,농어촌민박,
2771,몽마르뜨펜션,농어촌민박,
2772,물고기나무게스트하우스,농어촌민박,
2773,발리인제주,농어촌민박,
2774,보리게스트하우스,농어촌민박,
2775,북마크하우스&카페,농어촌민박,
2776,블란디야,농어촌민박,
2777,비비엔다,농어촌민박,
2778,비안,농어촌민박,
2779,빌림,농어촌민박,
2780,산토리니 펜션,농어촌민박,
2781,섬타임즈,농어촌민박,
2782,성산풀하우스,농어촌민박,
2783,소낭게스트하우스,농어촌민박,
2784,소라담하우스,농어촌민박,
2785,소섬바당,농어촌민박,
2786,쉴만한 물가,농어촌민박,
2787,슬로우리제주 민박,농어촌민박,
2788,아올키즈펜션,농어촌민박,
2789,아프리카게스트하우스,농어촌민박,
2790,알랑가게스트하우스,농어촌민박,
2791,애월포구풍경,농어촌민박,
2792,언덕위에 빨간지붕,농어촌민박,
2793,에덴통나무빌리지,농어촌민박,
2794,여울목게스트하우스(월정리),농어촌민박,
2795,예촌민박,농어촌민박,
2796,외돌개나라,농어촌민박,
2797,용두암빌리지,농어촌민박,
2798,우도피아,농어촌민박,
2799,우리희망이 게스트하우스,농어촌민박,
2800,위더스펜션,농어촌민박,
2801,제니빌펜션,농어촌민박,
2802,제주도 레인보우,농어촌민박,
2803,제주둥지펜션,농어촌민박,
2804,제주애단비,농어촌민박,
2805,제주이야기펜션,농어촌민박,
2806,제주토브,농어촌민박,
2807,중문그린힐통나무펜션,농어촌민박,
2808,지니코티지,농어촌민박,
2809,쫄깃센터,농어촌민박,
2810,청춘게스트하우스,농어촌민박,
2811,초원게스트하우스,농어촌민박,
2812,콴도제주,농어촌민박,
2813,펜션머물다,농어촌민박,
2814,편운산장,농어촌민박,
2815,프레리아,농어촌민박,
2816,하늘고래,농어촌민박,
2817,하도리보통날,농어촌민박,
2818,하도하도1929,농어촌민박,
2819,하랑 게스트하우스,농어촌민박,
2820,하얀산호민박,농어촌민박,
2821,함덕산티아고게스트하우스,농어촌민박,
2822,해바라기,농어촌민박,
2823,해바라기 펜션,농어촌민박,
2824,해변산책펜션,농어촌민박,
2825,해안길펜션,농어촌민박,
2826,협재해오름펜션,농어촌민박,
2827,흰고래게스트하우스,농어촌민박,
2828,1915 지오하우스,농어촌민박,
2829,521 게스트 하우스,농어촌민박,
2830,be Lazy B&B,농어촌민박,
2831,cafe말/개스트하우스 말,농어촌민박,
2832,CS빌리지,농어촌민박,
2833,For 安(포안),농어촌민박,
2834,ZeZuZip,농어촌민박,
2835,가름게스트하우스,농어촌민박,
2836,가비오타 펜션,농어촌민박,
2837,가파도민박,농어촌민박,
2838,가파도상동펜션,농어촌민박,
2839,간드락게스트하우스,농어촌민박,
2840,감비나무,농어촌민박,
2841,강남하우스펜션,농어촌민박,
2842,강정서부민박,농어촌민박,
2843,개스트하우스 말2,농어촌민박,
2844,갤러리민박,농어촌민박,
2845,갯바위펜션,농어촌민박,
2846,거드락지민박,농어촌민박,
2847,게스트하우스7,농어촌민박,
2848,게으르게,농어촌민박,
2849,고려민박,농어촌민박,
2850,고불락하우스,농어촌민박,
2851,골든비치,농어촌민박,
2852,곰씨비씨게스트하우스,농어촌민박,
2853,구름비낭,농어촌민박,
2854,그린민박,농어촌민박,
2855,그린사이드펜션,농어촌민박,
2856,그림같은집,농어촌민박,
2857,그림같은풍경,농어촌민박,
2858,그림그리는펜션,농어촌민박,
2859,글라라의집,농어촌민박,
2860,금서방네이층집,농어촌민박,
2861,기분좋은 민박,농어촌민박,
2862,김군아미고게스트하우스,농어촌민박,
2863,김녕몽생이,농어촌민박,
2864,김녕한옥 용암정원,농어촌민박,
2865,김선장네 민박,농어촌민박,
2866,꽃머채 펜션,농어촌민박,
2867,꽃향기바다소리,농어촌민박,
2868,꿀잠자리,농어촌민박,
2869,꿈꾸는바다,농어촌민박,
2870,꿈꾸는정원,농어촌민박,
2871,나무아래독채펜션,농어촌민박,
2872,나무이야기,농어촌민박,
2873,나무이야기 하우스,농어촌민박,
2874,나무이야기게스트하우스,농어촌민박,
2875,나무이야기게스트하우스 2호점,농어촌민박,
2876,나무이야기게스트하우스 3호점,농어촌민박,
2877,나무향기펜션,농어촌민박,
2878,나바론 민박,농어촌민박,
2879,나바론민박,농어촌민박,
2880,남쪽나라빌,농어촌민박,
2881,낭만펜션,농어촌민박,
2882,내사랑추자야펜션민박,농어촌민박,
2883,노닐다 게스트하우스,농어촌민박,
2884,노을과 포도향기,농어촌민박,
2885,노을과원담,농어촌민박,
2886,노을담은뜨락,농어촌민박,
2887,놀멍쉬멍고르멍,농어촌민박,
2888,눈먼고래,농어촌민박,
2889,뉴그린펜션,농어촌민박,
2890,느르왓,농어촌민박,
2891,늘바다통나무펜션,농어촌민박,
2892,늘푸른 게스트하우스,농어촌민박,
2893,늘해랑펜션,농어촌민박,
2894,다노이커플펜션,농어촌민박,
2895,다락마마,농어촌민박,
2896,다래산장,농어촌민박,
2897,다미네민박,농어촌민박,
2898,다솜펜션,농어촌민박,
2899,다올제민박,농어촌민박,
2900,달빛고운펜션,농어촌민박,
2901,달빛바다,농어촌민박,
2902,달자펜션,농어촌민박,
2903,달집게스트하우스,농어촌민박,
2904,달콤한아침,농어촌민박,
2905,대물민박,농어촌민박,
2906,더 프라이빗 시로,농어촌민박,
2907,더쉼팡스파&풀빌라,농어촌민박,
2908,더아름다운펜션,농어촌민박,
2909,더하도스파빌라,농어촌민박,
2910,더하우스펜션,농어촌민박,
2911,도도펜션,농어촌민박,
2912,도로시게스트하우스,농어촌민박,
2913,돌고래하우스(캠핑장),농어촌민박,
2914,돌담민박,농어촌민박,
2915,동굴민박,농어촌민박,
2916,동막골게스트하우스,농어촌민박,
2917,동백동산펜션,농어촌민박,
2918,동복리671,농어촌민박,
2919,동산나라펜션,농어촌민박,
2920,동일민박,농어촌민박,
2921,동촌하우스,농어촌민박,
2922,두리안펜션,농어촌민박,
2923,드림캐슬,농어촌민박,
2924,등대민박,농어촌민박,
2925,디스이즈핫,농어촌민박,
2926,땅콩펜션,농어촌민박,
2927,또오크라,농어촌민박,
2928,또올레펜션&게스트하우스,농어촌민박,
2929,뜨레향 펜션,농어촌민박,
2930,뜨리바다펜션,농어촌민박,
2931,라메종베니in제주,농어촌민박,
2932,라신비,농어촌민박,
2933,란펜션,농어촌민박,
2934,레디메이드,농어촌민박,
2935,레몬이네 민박,농어촌민박,
2936,로그맨하우스,농어촌민박,
2937,로그빌리지 펜션,농어촌민박,
2938,로즈비치,농어촌민박,
2939,루하우스,농어촌민박,
2940,리니민박(RINY),농어촌민박,
2941,리버풀펜션,농어촌민박,
2942,리치웨이 펜션,농어촌민박,
2943,마눌펜션,농어촌민박,
2944,마당돌펜션,농어촌민박,
2945,마라도게스트하우스,농어촌민박,
2946,마라도별장,농어촌민박,
2947,마레카펜션,농어촌민박,
2948,마리아주펜션,농어촌민박,
2949,마빈,농어촌민박,
2950,마주보기펜션,농어촌민박,
2951,맑은바람 펜션,농어촌민박,
2952,메모리 인 제주 펜션,농어촌민박,
2953,메종드판포,농어촌민박,
2954,모물펜션,농어촌민박,
2955,목조 독채민박 멍3닷컴,농어촌민박,
2956,몬딱게스트하우스,농어촌민박,
2957,몬딱쉼터,농어촌민박,
2958,무이비엔,농어촌민박,
2959,물돌이민박,농어촌민박,
2960,물메랑,농어촌민박,
2961,미래하우스,농어촌민박,
2962,미소가펜션,농어촌민박,
2963,미쓰홍당무하우스,농어촌민박,
2964,민박바당집,농어촌민박,
2965,민박집섶낭,농어촌민박,
2966,민박하얀집,농어촌민박,
2967,민준채,농어촌민박,
2968,밀레니엄빌,농어촌민박,
2969,밀물민박,농어촌민박,
2970,바다드림,농어촌민박,
2971,바다산책,농어촌민박,
2972,바다스케치,농어촌민박,
2973,바다와자전거,농어촌민박,
2974,바다위올레펜션,농어촌민박,
2975,바다의향기,농어촌민박,
2976,바다추억,농어촌민박,
2977,바다파파,농어촌민박,
2978,바다풍경펜션,농어촌민박,
2979,바다향기,농어촌민박,
2980,바닷가하얀집,농어촌민박,
2981,바닷가하우스펜션,농어촌민박,
2982,바당정원펜션,농어촌민박,
2983,바람돌이하우스,농어촌민박,
2984,바사팬스파,농어촌민박,
2985,바산올레펜션,농어촌민박,
2986,바우하우스,농어촌민박,
2987,발로바쉬,농어촌민박,
2988,밧돌 게스트하우스,농어촌민박,
2989,방울풍뎅이 하우스,농어촌민박,
2990,배목수집,농어촌민박,
2991,배배게스트하우스,농어촌민박,
2992,백악관민박,농어촌민박,
2993,뱅디가름게스트하우스,농어촌민박,
2994,별똥별채집소,농어촌민박,
2995,별마로펜션,농어촌민박,
2996,별장민박,농어촌민박,
2997,볕들이펜션,농어촌민박,
2998,볼몽지엥하우스,농어촌민박,
2999,봉골레 하우스 민박,농어촌민박,
3000,부르네스테이,농어촌민박,
3001,브라운캐빈,농어촌민박,
3002,블라제리조트,농어촌민박,
3003,블랑게스트하우스,농어촌민박,
3004,블랙롯지,농어촌민박,
3005,블루마린,농어촌민박,
3006,블루오션,농어촌민박,
3007,비아 제주,농어촌민박,
3008,비오하우스,농어촌민박,
3009,비자낭달집,농어촌민박,
3010,비치조아,농어촌민박,
3011,비파민박,농어촌민박,
3012,빌라배알로,농어촌민박,
3013,뿌리게스트하우스,농어촌민박,
3014,쁘띠제주빅터펜션,농어촌민박,
3015,사계여행민박,농어촌민박,
3016,사계절민박,농어촌민박,
3017,사랑이꽃피는민박,농어촌민박,
3018,사랑터울,농어촌민박,
3019,사면초가펜션,농어촌민박,
3020,사차원게스트하우스,농어촌민박,
3021,삼보민박,농어촌민박,
3022,서귀포귤림성,농어촌민박,
3023,서귀포통나무집,농어촌민박,
3024,선스토리,농어촌민박,
3025,성게돌 펜션,농어촌민박,
3026,성산아침노을펜션,농어촌민박,
3027,성산우리집 펜션,농어촌민박,
3028,세화리움,농어촌민박,
3029,세화맨션,농어촌민박,
3030,셋째날,농어촌민박,
3031,소낭재,농어촌민박,
3032,소풍BnB,농어촌민박,
3033,소풍이야기 펜션,농어촌민박,
3034,솔로 게스트하우스,농어촌민박,
3035,솔로게스트하우스 앤 두루두루펜션,농어촌민박,
3036,솔민박,농어촌민박,
3037,송림원,농어촌민박,
3038,쇠소깍섬도리왓펜션,농어촌민박,
3039,쇠소깍올레민박,농어촌민박,
3040,수상한집 광보네,농어촌민박,
3041,수필하우스,농어촌민박,
3042,수하리839,농어촌민박,
3043,숨비아일랜드,농어촌민박,
3044,숲골 제주독채펜션,농어촌민박,
3045,쉴띠펜션&게스트하우스,농어촌민박,
3046,쉼게스트하우스,농어촌민박,
3047,스머프하우스,농어촌민박,
3048,스쿠버스토리,농어촌민박,
3049,스테이달하,농어촌민박,
3050,스테이지게스트하우스,농어촌민박,
3051,스토리하우스펜션,농어촌민박,
3052,스톤성민박,농어촌민박,
3053,시땅,농어촌민박,
3054,시월애,농어촌민박,
3055,신등대민박,농어촌민박,
3056,신산게스트하우스,농어촌민박,
3057,신촌돌집,농어촌민박,
3058,신흥소시민,농어촌민박,
3059,실크로드펜션,농어촌민박,
3060,썬베이펜션,농어촌민박,
3061,썬비치민박,농어촌민박,
3062,썬앤문리조트,농어촌민박,
3063,쏠레 민박,농어촌민박,
3064,아델리아빌,농어촌민박,
3065,아뜨네통나무펜션,농어촌민박,
3066,아름다운펜션민박,농어촌민박,
3067,아리,농어촌민박,
3068,아리스토캣펜션,농어촌민박,
3069,아림민박,농어촌민박,
3070,아마빌레,농어촌민박,
3071,아이랑키즈펜션,농어촌민박,
3072,아이콘민박,농어촌민박,
3073,아이콘펜션,농어촌민박,
3074,아침의 새소리,농어촌민박,
3075,아침의향기,농어촌민박,
3076,아침해변,농어촌민박,
3077,아쿠아뷰티크,농어촌민박,
3078,아템파우제,농어촌민박,
3079,아토하우스,농어촌민박,
3080,안녕김녕sea,농어촌민박,
3081,안녕프로젝트 게스트하우스,농어촌민박,
3082,알로하민박,농어촌민박,
3083,알앤비타운,농어촌민박,
3084,애월해안누리펜션(구 하얀둥지펜션),농어촌민박,
3085,약천골민박,농어촌민박,
3086,언니게스트하우스,농어촌민박,
3087,언니네여인숙,농어촌민박,
3088,엄블랑펜션,농어촌민박,
3089,에너벨리민박,농어촌민박,
3090,에리두 Cafe n Beds,농어촌민박,
3091,에바다라이더하우스.공방,농어촌민박,
3092,에이지하우스,농어촌민박,
3093,에코하우스민박펜션,농어촌민박,
3094,엔젤하우스,농어촌민박,
3095,엘마르게스트하우스,농어촌민박,
3096,엠버하우스,농어촌민박,
3097,여래게스트하우스,농어촌민박,
3098,여행스케치,농어촌민박,
3099,연지민박,농어촌민박,
3100,예스준게스트하우스,농어촌민박,
3101,옛살라비,농어촌민박,
3102,오누게스트하우스,농어촌민박,
3103,오름게스트하우스,농어촌민박,
3104,오비두스,농어촌민박,
3105,오빌하우스,농어촌민박,
3106,오션스카이,농어촌민박,
3107,오시록헌펜션,농어촌민박,
3108,오조리비앤비(Ojoribnb),농어촌민박,
3109,오후여섯시펜션,농어촌민박,
3110,올레프로방스,농어촌민박,
3111,올리수펜션,농어촌민박,
3112,와락 게스트하우스,농어촌민박,
3113,우도쉼팡게스트하우스,농어촌민박,
3114,우도올레펜션,농어촌민박,
3115,우리두리게스트하우스,농어촌민박,
3116,우연히 행복해지다,농어촌민박,
3117,월정소랑,농어촌민박,
3118,월정플레이스,농어촌민박,
3119,위미모루왓,농어촌민박,
3120,유러하우스,농어촌민박,
3121,유심이감성하우스민박,농어촌민박,
3122,유창민박,농어촌민박,
3123,이디살래,농어촌민박,
3124,이레민박,농어촌민박,
3125,이쁜새이쁘게노래하고펜션,농어촌민박,
3126,이안재,농어촌민박,
3127,이어도펜션,농어촌민박,
3128,이찌마루&잠비,농어촌민박,
3129,인더 하우스,농어촌민박,
3130,인추자커피앤민박,농어촌민박,
3131,일출썬 펜션,농어촌민박,
3132,잇츠힐,농어촌민박,
3133,자넷앤캐시,농어촌민박,
3134,장원민박,농어촌민박,
3135,저스트슬립제주,농어촌민박,
3136,전원민박,농어촌민박,
3137,절물길펜션,농어촌민박,
3138,제주 벨루가,농어촌민박,
3139,제주공항 고추잠자리 게스트하우스,농어촌민박,
3140,제주금산펜션,농어촌민박,
3141,제주돌집2호점 (스코리아),농어촌민박,
3142,제주디오빌,농어촌민박,
3143,제주란펜션,농어촌민박,
3144,제주를여행하는히치하이커를위한안내소,농어촌민박,
3145,제주마로펜션,농어촌민박,
3146,제주머무리,농어촌민박,
3147,제주별바람,농어촌민박,
3148,제주비치펜션,농어촌민박,
3149,제주사랑 펜션,농어촌민박,
3150,제주산내들,농어촌민박,
3151,제주서울민박,농어촌민박,
3152,제주성산아일랜드,농어촌민박,
3153,제주쉼표,농어촌민박,
3154,제주스테이비우다,농어촌민박,
3155,제주야자원,농어촌민박,
3156,제주엔펜션,농어촌민박,
3157,제주영숙,농어촌민박,
3158,제주올레하우스팬션,농어촌민박,
3159,제주와요펜션,농어촌민박,
3160,제주우리집펜션,농어촌민박,
3161,제주의시간은느리다,농어촌민박,
3162,제주잔잔,농어촌민박,
3163,제주코기네,농어촌민박,
3164,제주파도소리,농어촌민박,
3165,제주파크랜드,농어촌민박,
3166,제주팡숑예래,농어촌민박,
3167,제주펜션향림원,농어촌민박,
3168,제주프렌즈펜션,농어촌민박,
3169,제주필하우스,농어촌민박,
3170,제주해조대펜션,농어촌민박,
3171,조은민박,농어촌민박,
3172,조천댁,농어촌민박,
3173,조천스테이,농어촌민박,
3174,종달스토리,농어촌민박,
3175,중문햇빛펜션,농어촌민박,
3176,쥬빌리펜션,농어촌민박,
3177,지삿개풍경,농어촌민박,
3178,지현민박,농어촌민박,
3179,천상의노을,농어촌민박,
3180,청정고을민박,농어촌민박,
3181,초록새록,농어촌민박,
3182,초록하우스,농어촌민박,
3183,초콜릿펜션,농어촌민박,
3184,추사랑민박,농어촌민박,
3185,추자도민박,농어촌민박,
3186,추자도휴양펜션,농어촌민박,
3187,추자섬민박,농어촌민박,
3188,추자피싱랜드,농어촌민박,
3189,카사마리나,농어촌민박,
3190,캐빈타운,농어촌민박,
3191,캐슬 드 한림,농어촌민박,
3192,코코스펜션,농어촌민박,
3193,쿨쿨하우스,농어촌민박,
3194,클로버비앤비,농어촌민박,
3195,킴스캐빈,농어촌민박,
3196,탐라누리,농어촌민박,
3197,탐탐56,농어촌민박,
3198,태성민박,농어촌민박,
3199,탱자탱자게스트하우스,농어촌민박,
3200,테마하우스,농어촌민박,
3201,토리코티지카레클린트,농어촌민박,
3202,토마토하우스,농어촌민박,
3203,토토하우스,농어촌민박,
3204,투데이제주펜션,농어촌민박,
3205,파더하우스,농어촌민박,
3206,파인비치,농어촌민박,
3207,파크빌리지,농어촌민박,
3208,팔도민박,농어촌민박,
3209,팜힐,농어촌민박,
3210,펜션 수망가라,농어촌민박,
3211,펜션해다미,농어촌민박,
3212,펜션형민박꿈꾸는숲,농어촌민박,
3213,포비네오두막게스트하우스,농어촌민박,
3214,포시즌펜션,농어촌민박,
3215,포지타노인제주,농어촌민박,
3216,폴리폴리,농어촌민박,
3217,퐁낭하우스제주,농어촌민박,
3218,푸르미르 펜션,농어촌민박,
3219,풍차와노을 독채펜션,농어촌민박,
3220,플라마 펜션,농어촌민박,
3221,플로라펜션,농어촌민박,
3222,피우다 게스트하우스,농어촌민박,
3223,하녹펜션,농어촌민박,
3224,하늘을달리다,농어촌민박,
3225,하늘정원펜션,농어촌민박,
3226,하늘타리펜션,농어촌민박,
3227,하도하도 3200,농어촌민박,
3228,하루앤하루,농어촌민박,
3229,하마다 게스트하우스,농어촌민박,
3230,하바다 통나무집,농어촌민박,
3231,하얀도화지,농어촌민박,
3232,하얀언덕,농어촌민박,
3233,하와이펜션,농어촌민박,
3234,하쿠나마타타게스트하우스,농어촌민박,
3235,한담풍경하우스,농어촌민박,
3236,한라앤탐 펜션,농어촌민박,
3237,한라하이츠펜션,농어촌민박,
3238,한모살,농어촌민박,
3239,함덕삼다펜션,농어촌민박,
3240,핫플게스트하우스,농어촌민박,
3241,해돋는마을,농어촌민박,
3242,해뜨는집 (남원),농어촌민박,
3243,해뜨는집 (도두),농어촌민박,
3244,해변여행,농어촌민박,
3245,해변의집,농어촌민박,
3246,해비치 바람의집 펜션&카페,농어촌민박,
3247,해성펜션,농어촌민박,
3248,해아래펜션,농어촌민박,
3249,해안풍경펜션,농어촌민박,
3250,해오름민박,농어촌민박,
3251,해오름정원,농어촌민박,
3252,해일월,농어촌민박,
3253,해피데이,농어촌민박,
3254,해피데이 민박,농어촌민박,
3255,해피펜션,농어촌민박,
3256,핸즈인제주,농어촌민박,
3257,허브펜션 오즈,농어촌민박,
3258,헌치 게스트하우스,농어촌민박,
3259,호도하우스,농어촌민박,
3260,혼디,농어촌민박,
3261,환상의민박,농어촌민박,
3262,훼밀리민박,농어촌민박,
3263,힐링캠프펜션,농어촌민박,
3264,헤리티지,유스호스텔,
3265,홍익샤모니리조트,유스호스텔,
3266,뉴코리아유스호스텔,유스호스텔,
3267,마이테르유스호스텔,유스호스텔,
3268,메이풀하우스,유스호스텔,
3269,제주부영청소년수련원,유스호스텔,
3270,제주유스호스텔,유스호스텔,
3271,돌코롱,쇼핑,특산품
3272,베리제주,쇼핑,특산품
3273,뷰티풀제주,쇼핑,특산품
3274,삼다닷컴,쇼핑,특산품
3275,자연이야기,쇼핑,특산품
3276,제주민속식품,쇼핑,특산품
3277,(주)메이드인제주,쇼핑,특산품
3278,갈중이,쇼핑,특산품
3279,농업회사법인 나무와열매 주식회사,쇼핑,특산품
3280,다나한한복 앤 러블리베베,쇼핑,특산품
3281,마켓오름,쇼핑,특산품
3282,명품수산,쇼핑,특산품
3283,바당의물질,쇼핑,특산품
3284,사회복지법인 평화의마을,쇼핑,특산품
3285,야호농수산,쇼핑,특산품
3286,올레바다,쇼핑,특산품
3287,이제주숍,쇼핑,특산품
3288,인한복,쇼핑,특산품
3289,제이어스,쇼핑,특산품
3290,제일토산품,쇼핑,특산품
3291,제주소랑,쇼핑,특산품
3292,차귀도 오징어,쇼핑,특산품
3293,탐라동주,쇼핑,특산품
3294,한마음한라봉,쇼핑,특산품
3295,현승이네농장,쇼핑,특산품
3296,서귀포매일올레시장,쇼핑,전통시장
3297,제주동문시장(동문재래시장),쇼핑,전통시장
3298,제주시민속오일장(제주오일장),쇼핑,전통시장
3299,제주동문수산시장,쇼핑,전통시장
3300,서귀포향토오일시장,쇼핑,전통시장
3301,고성오일시장,쇼핑,전통시장
3302,대정오일시장(모슬포오일장),쇼핑,전통시장
3303,세화해녀민속오일시장,쇼핑,전통시장
3304,중문향토시장(중문 5일장),쇼핑,전통시장
3305,표선오일시장,쇼핑,전통시장
3306,곱은과일,쇼핑,전통시장
3307,모슬포중앙시장,쇼핑,전통시장
3308,보성시장,쇼핑,전통시장
3309,서문공설시장,쇼핑,전통시장
3310,한림매일시장,쇼핑,전통시장
3311,한림민속오일시장,쇼핑,전통시장
3312,함덕오일시장,쇼핑,전통시장
3313,벨롱장,쇼핑,상점·상가
3314,샘스제주캔들,쇼핑,상점·상가
3315,소심한책방,쇼핑,상점·상가
3316,여름문구사,쇼핑,상점·상가
3317,선물고팡,쇼핑,상점·상가
3318,산호상점,쇼핑,상점·상가
3319,B일상잡화점,쇼핑,상점·상가
3320,더아일랜더,쇼핑,상점·상가
3321,하나로마트 구좌농협 우도점,쇼핑,상점·상가
3322,공방:하루_반,쇼핑,상점·상가
3323,그꽃,쇼핑,상점·상가
3324,냠냠제주,쇼핑,상점·상가
3325,달리센트,쇼핑,상점·상가
3326,라이킷,쇼핑,상점·상가
3327,모이소,쇼핑,상점·상가
3328,우도아이,쇼핑,상점·상가
3329,제주칠성로상가,쇼핑,상점·상가
3330,카카오프렌즈 스토어@제주,쇼핑,상점·상가
3331,HAN 컬렉션,쇼핑,상점·상가
3332,게른,쇼핑,상점·상가
3333,곱은달사진관,쇼핑,상점·상가
3334,구름두리,쇼핑,상점·상가
3335,기영상회,쇼핑,상점·상가
3336,나틸다,쇼핑,상점·상가
3337,다시방프로젝트,쇼핑,상점·상가
3338,당근가게,쇼핑,상점·상가
3339,더솜라탄,쇼핑,상점·상가
3340,도예시선,쇼핑,상점·상가
3341,디자인에이비,쇼핑,상점·상가
3342,딜다책방,쇼핑,상점·상가
3343,라바북스,쇼핑,상점·상가
3344,라온명품관,쇼핑,상점·상가
3345,마야블루,쇼핑,상점·상가
3346,만춘서점,쇼핑,상점·상가
3347,몸냥공작소,쇼핑,상점·상가
3348,미앤제주,쇼핑,상점·상가
3349,미카의달콤한작업실,쇼핑,상점·상가
3350,바다보석,쇼핑,상점·상가
3351,바이올가 영어마을점,쇼핑,상점·상가
3352,바이제주,쇼핑,상점·상가
3353,보미다,쇼핑,상점·상가
3354,보통청춘기록실 청춘사진관,쇼핑,상점·상가
3355,북타임,쇼핑,상점·상가
3356,사슴책방,쇼핑,상점·상가
3357,서쪽가게,쇼핑,상점·상가
3358,선우스타일,쇼핑,상점·상가
3359,수목원테마공원(야시장길&LED공원),쇼핑,상점·상가
3360,수풀,쇼핑,상점·상가
3361,승희상회,쇼핑,상점·상가
3362,시티오브드림즈,쇼핑,상점·상가
3363,쓸모있는 생활잡화점,쇼핑,상점·상가
3364,아꼬화,쇼핑,상점·상가
3365,아름낭,쇼핑,상점·상가
3366,아워키친,쇼핑,상점·상가
3367,아코하루,쇼핑,상점·상가
3368,아트앤제주,쇼핑,상점·상가
3369,안나네꽃마을,쇼핑,상점·상가
3370,언제라도 북스&리틀갤러리,쇼핑,상점·상가
3371,얼리스프링플라워,쇼핑,상점·상가
3372,에브리바디빈티지,쇼핑,상점·상가
3373,연필가게,쇼핑,상점·상가
3374,옥수카페,쇼핑,상점·상가
3375,용연낚시,쇼핑,상점·상가
3376,우생당,쇼핑,상점·상가
3377,윌로우씨 제주캔들공방,쇼핑,상점·상가
3378,인연의숲,쇼핑,상점·상가
3379,제주i,쇼핑,상점·상가
3380,제주그림,쇼핑,상점·상가
3381,제주시농협농산물직거래센터,쇼핑,상점·상가
3382,제주중앙지하상가,쇼핑,상점·상가
3383,제주허니와인,쇼핑,상점·상가
3384,지소울,쇼핑,상점·상가
3385,책약방,쇼핑,상점·상가
3386,천진낭만,쇼핑,상점·상가
3387,캔북스,쇼핑,상점·상가
3388,큰손상회,쇼핑,상점·상가
3389,팰롱팰롱 빛나는,쇼핑,상점·상가
3390,펠롱잡화점,쇼핑,상점·상가
3391,풍년상회,쇼핑,상점·상가
3392,프레쉬모먼트,쇼핑,상점·상가
3393,피크닉메이트,쇼핑,상점·상가
3394,한라꽃방,쇼핑,상점·상가
3395,한복담,쇼핑,상점·상가
